#goog,1023799902051201024,2018-07-30 05:18:12,"Difference between New and Experienced Trader

1 - 15x Leverage âœ…

â–¶ï¸  â—€ï¸

Register Now &amp; goâ€¦ ",0.4681818181818182
#goog,1023758875944779777,2018-07-30 02:35:11,"Countries banning Bitcoin

1 - 15x Leverage âœ…

â–¶ï¸  â—€ï¸

Register Now &amp; go LongğŸ“ˆ or ShortğŸ“‰ onâ€¦ ",0.0
#goog,1023542421219684352,2018-07-29 12:15:04,"Countries banning Bitcoin

1 - 15x Leverage âœ…

â–¶ï¸  â—€ï¸

Register Now &amp; go LongğŸ“ˆ or ShortğŸ“‰ onâ€¦ ",0.0
#goog,1023531642277654531,2018-07-29 11:32:14,"Technical Analysis: Nasdaq Alphabet Nvidia



#sp500 #trading #investing #stockmarketâ€¦ ",0.0
#goog,1023497381113933824,2018-07-29 09:16:05,"Difference between New and Experienced Trader

1 - 15x Leverage âœ…

â–¶ï¸  â—€ï¸

Register Now &amp; goâ€¦ ",0.4681818181818182
#goog,1023448571369218049,2018-07-29 06:02:08,"Difference between New and Experienced Trader

1 - 15x Leverage âœ…

â–¶ï¸  â—€ï¸

Register Now &amp; goâ€¦ ",0.4681818181818182
#goog,1023424350609760256,2018-07-29 04:25:54,Twitter is cheap right now. Who will buy them out at a price of $50 + a share? $twtr #twtr #twitter $amzn #amznâ€¦ ,0.34285714285714286
#goog,1023391205915324419,2018-07-29 02:14:11,"Countries banning Bitcoin

1 - 15x Leverage âœ…

â–¶ï¸  â—€ï¸

Register Now &amp; go LongğŸ“ˆ or ShortğŸ“‰ onâ€¦ ",0.0
#goog,1023379845617610752,2018-07-29 01:29:03, #AMZN was positive and it sold off from the open. That is what counts. End of story. I donâ€™t pay attentiâ€¦ ,0.11363636363636363
#goog,1023300123789611009,2018-07-28 20:12:16,Weekend Review: Snapchat to shutter Snapcash August 30 by AmyGesenhues  ,0.0
#goog,1023233063944421376,2018-07-28 15:45:47,RT:  :Opositores presentan en Miami cÃ³digo para educar a cubanos ante reforma constitucional -  #Goog,0.0
#goog,1023213649190694912,2018-07-28 14:28:39,Venture Capital Deals Of The Week: WeWork China Gets $500M #SFTBF #SFTBY #VWORK #GSK #AMGN #REGN #ABBV #GOOG #GOOGLâ€¦ ,0.0
#goog,1023184955394936832,2018-07-28 12:34:37,"friendğŸ’“

ãƒ»

ä»Šæ—¥ã¯ãŠç¥­ã‚Šè¡Œãäºˆå®šã‚„ã£ãŸã‘ã©
çµå±€ã‚„ã£ã¦ãªã‹ã£ãŸğŸ˜­

ãƒ»

ä»Šæœˆ1å›ã‚‚ç¥­ã‚Šã«è¡Œã£ã¦ãªã„(ç¬‘)

ãƒ»

#friend
#love
#Goog
#black
#White
#follow ",0.11111111111111112
#goog,1023177269009899521,2018-07-28 12:04:05,"Countries banning Bitcoin

1 - 15x Leverage âœ…

â–¶ï¸  â—€ï¸

Register Now &amp; go LongğŸ“ˆ or ShortğŸ“‰ onâ€¦ ",0.0
#goog,1023140696037961728,2018-07-28 09:38:45,#eStocks share price performance #chart: #TWTR v #NFLX v #AMZN v #MSFT v #GOOG v #AAPL v #FB (10 months).â€¦ ,0.0
#goog,1023131246023651328,2018-07-28 09:01:12,"Difference between New and Experienced Trader

1 - 15x Leverage âœ…

â–¶ï¸  â—€ï¸

Register Now &amp; goâ€¦ ",0.4681818181818182
#goog,1023128425605750785,2018-07-28 08:50:00,#GOOG - Google Bear Phase - ,0.0
#goog,1023118688524881921,2018-07-28 08:11:18,_Rock Next quarter #goog earnings will have this quarters bad news plus next quarrterâ€™s just like #FB had toâ€¦ ,-0.23333333333333328
#goog,1023021356999356416,2018-07-28 01:44:32,"#NFLX , #AMZN , #FB , #GOOG , #MSFT , #AAPL , #NVDA , #TSLA , #TWTR ã®æ ªä¾¡æ¨ç§»ã§ã™ã€‚#TWTR ã¯æ´¾æ‰‹ã«å‹•ãã¾ã—ãŸã­ã€‚æ˜¨æ—¥ã® #FB åŒæ§˜ã€å€‹åˆ¥æ ªã¯ã“ã‚ŒãŒã‚ã‚‹ã‹ã‚‰ã€‚ ",0.0
#goog,1023005629848465414,2018-07-28 00:42:03," Basically the way we see it, the GDP/CPI guys are all working hard to prepare themselves for positionâ€¦ ",-0.2916666666666667
#goog,1022952895761850368,2018-07-27 21:12:30,RT unfoundation: Introducing #Visualize2030: GoogleCloud is hosting a data storytelling contest around the 17 Sustaâ€¦ ,0.0
#goog,1022938744960311296,2018-07-27 20:16:16,"$GOOG BREAKS BELOW PRIOR SESSION LOW: 
Sentiment: Very bearish #GOOG #Google",0.06666666666666667
#goog,1022936174095224833,2018-07-27 20:06:03,"Did you know that you can get paid #Bitcoin dividends
for holding your #Stocks position?

1 - 15x Leverage âœ…

â–¶ï¸â€¦ ",0.0
#goog,1022906229771919360,2018-07-27 18:07:04,Rookie link-building and content outreach mistakes you wonâ€™t make twice by ichbingisele  ,0.0
#goog,1022893929623158789,2018-07-27 17:18:11,"Did you know that you can use #Bitcoin to trade #Stocks?

1 - 15x Leverage âœ…

â–¶ï¸  â—€ï¸

Registâ€¦ ",0.0
#goog,1022883933212626944,2018-07-27 16:38:28,".
#GOOG

#Google

$Google

I consider that at most senior degree Wave 3 is close to completion.  Circa. $1400 is coâ€¦ ",0.5
#goog,1022857929102446592,2018-07-27 14:55:08,wth pullbk likely deep pllbk will buy #NQ_F very strong difference from 99 bubble #AMZN #AAPL  #FB #GOOG tjy râ€¦ ,0.1877777777777778
#goog,1022857441153900545,2018-07-27 14:53:12,RT parmy: Bots are finally making money as software sounds human enough to pitch sales and troubleshoot customer prâ€¦ ,0.0
#goog,1022854963054223360,2018-07-27 14:43:21,Bots are finally making money as software sounds human enough to pitch sales and troubleshoot customer problems.â€¦ ,0.0
#goog,1022820183763771393,2018-07-27 12:25:09,"Countries banning Bitcoin

1 - 15x Leverage âœ…

â–¶ï¸  â—€ï¸

Register Now &amp; go LongğŸ“ˆ or ShortğŸ“‰ onâ€¦ ",0.0
#goog,1022780900180865024,2018-07-27 09:49:03,"Facebook Game Ranking No.5
Criminal Case
Pretty Simple

#jamjamtv #game
#facebook #ã‚²ãƒ¼ãƒ  #iphone #ipad #goog ##jamjamtv",-0.19
#goog,1022776286375288832,2018-07-27 09:30:43,"That look when you've just met your favorite YouTuber ğŸ˜„ğŸ™ŒğŸ¾

Yesterday some lucky people got to meet Adanna_David atâ€¦ ",0.41666666666666663
#goog,1022773871932567553,2018-07-27 09:21:07,"Difference between New and Experienced Trader

1 - 15x Leverage âœ…

â–¶ï¸  â—€ï¸

Register Now &amp; goâ€¦ ",0.4681818181818182
#goog,1022748417632563200,2018-07-27 07:39:59,Los #GOOG Historias:   via 24 #YouTube videos.  #FREEDOM #Liberty #Libertad,0.0
#goog,1022731412489871360,2018-07-27 06:32:24,  Thatâ€™s true but we are using the same kind of accounting &amp; approach discipline that #googâ€¦ ,0.31666666666666665
#goog,1022665710512877568,2018-07-27 02:11:20,"{GoogleForEdu}: In collaboration with the WorldBank, the unfoundation, and the Data4SDGs, GoogleCloud is hosting aâ€¦ ",0.0
#goog,1022611258225377280,2018-07-26 22:34:57,"#GOOG  ""Ok Google, define uptrend."" $GOOGL $GOOG",0.5
#goog,1022600112680382464,2018-07-26 21:50:40,"$GOOG POPS TO HIGHEST CLOSE SINCE INCEPTION: 
Sentiment: Slightly bullish #GOOG #Google",-0.16666666666666666
#goog,1022575585481117698,2018-07-26 20:13:12,"Did you know that you can get paid #Bitcoin dividends
for holding your #Stocks position?

1 - 15x Leverage âœ…

â–¶ï¸â€¦ ",0.0
#goog,1022560460279894016,2018-07-26 19:13:06,"BRB, selling my #FB Stock and buying #GOOG. ",0.0
#goog,1022532786203312129,2018-07-26 17:23:08,"Did you know that you can use #Bitcoin to trade #Stocks?

1 - 15x Leverage âœ…

â–¶ï¸  â—€ï¸

Registâ€¦ ",0.0
#goog,1022514045205852161,2018-07-26 16:08:40,#setupkcw #goog #pear #paste #nycgraffiti ,0.0
#goog,1022500102408155136,2018-07-26 15:13:16,Google ups its AI services with new Contact Center solution and developer tools by xBarryLevineâ€¦ ,0.018181818181818174
#goog,1022473136703512576,2018-07-26 13:26:07,"Did you know that you can use #Bitcoin to trade #Stocks?

1 - 15x Leverage âœ…

â–¶ï¸  â—€ï¸

Registâ€¦ ",0.0
#goog,1022473011708846086,2018-07-26 13:25:37,With my big old red on FB. Iâ€™m aiming for green on the screen today. #goog,-0.025
#goog,1022472459298254849,2018-07-26 13:23:25,LinkedIn overhauls Campaign Manager for marketers managing high-volume accounts by AmyGesenhuesâ€¦ ,0.0
#goog,1022425078808682503,2018-07-26 10:15:09,"Did you know that you can get paid #Bitcoin dividends
for holding your #Stocks position?

1 - 15x Leverage âœ…

â–¶ï¸â€¦ ",0.0
#goog,1022398240271085568,2018-07-26 08:28:30,Smart content execution will net a lot of inbound links by paddymoogan  ,0.10714285714285714
#goog,1022394226418434051,2018-07-26 08:12:33,Vikram Singh2013:#goog morrning  ,0.0
#goog,1022380074534883333,2018-07-26 07:16:19,"'Four', una radiografÃ­a de los nuevos cuatro gigantes corporativos de la era digital:  vÃ­aâ€¦ ",0.0
#goog,1022379343882932224,2018-07-26 07:13:25,Smart content execution will net a lot of inbound links by paddymoogan  ,0.10714285714285714
#goog,1022330511577047040,2018-07-26 03:59:22," After downing a well deserved #nip from Sals, it is a quick jaunt over to  for a #goog #tourguidetip2",0.3333333333333333
#goog,1022311585229025280,2018-07-26 02:44:10," Still can not understand the #GOOG report 
speaking of illusions

GDPR had to hammer them but...nadaâ€¦ ",0.0
#goog,1022260515056361472,2018-07-25 23:21:14,"{GoogleForEdu}: In collaboration with the WorldBank, the unfoundation, and the Data4SDGs, GoogleCloud is hosting aâ€¦ ",0.0
#goog,1022258136739192832,2018-07-25 23:11:47," Great point!

What if #GOOG gets blowback for manipulating their earnings report 
And #AMZN also râ€¦ ",1.0
#goog,1022245390127484928,2018-07-25 22:21:08,"ğŸ´ó §ó ¢ó ¥ó ®ó §ó ¿ English Source of 100% Fixed Matches ğŸ´ó §ó ¢ó ¥ó ®ó §ó ¿

ğŸ’¥â‚¬150.00 SPECIALğŸ’¥

ğŸ‘‰Telegram Link :  ",0.05
#goog,1022241506768420864,2018-07-25 22:05:42, Yes but #GOOG makes #FB look like a walk in the park in terms of regulatory and privacy risks as wâ€¦ ,0.0
#goog,1022241194372489217,2018-07-25 22:04:27,Who wants to be the whistleblower on #GOOG? Someone needs to do it...they clearly fabricated large parts of their earnings report!,0.15595238095238095
#goog,1022239452221988864,2018-07-25 21:57:32,"ğŸ´ó §ó ¢ó ¥ó ®ó §ó ¿ English Source of 100% Fixed Matches ğŸ´ó §ó ¢ó ¥ó ®ó §ó ¿

ğŸ’¥â‚¬150.00 SPECIALğŸ’¥

ğŸ‘‰Telegram Link :  ",0.05
#goog,1022238836800114688,2018-07-25 21:55:05,"ğŸ´ó §ó ¢ó ¥ó ®ó §ó ¿ English Source of 100% Fixed Matches ğŸ´ó §ó ¢ó ¥ó ®ó §ó ¿

ğŸ’¥â‚¬150.00 SPECIALğŸ’¥

ğŸ‘‰Telegram Link :  ",0.05
#goog,1022237765226962950,2018-07-25 21:50:50,"$GOOG DOMINATED BY BULLS LIFTING THE MARKET HIGHER THROUGHOUT THE DAY: 
Sentiment: Neutral #GOOG #Google",0.25
#goog,1022235736907624449,2018-07-25 21:42:46,Do you hear that #GOOG? ,0.0
#goog,1022234884591509506,2018-07-25 21:39:23,No way #FB reports like this but everything roses with #GOOG,0.0
#goog,1022234318633136128,2018-07-25 21:37:08,Anyone want to start looking into #GOOG earnings report issues? Clearly GOOG was working very hard to engineer their report,-0.13958333333333334
#goog,1022220696435482625,2018-07-25 20:43:00,Which implied #GOOG earnings were as suggested a feat of engineering ,0.0
#goog,1022216449438437376,2018-07-25 20:26:08,"Did you know that you can get paid #Bitcoin dividends
for holding your #Stocks position?

1 - 15x Leverage âœ…

â–¶ï¸â€¦ ",0.0
#goog,1022206185032900608,2018-07-25 19:45:20,Fine? What fine? #GOOG ,0.4166666666666667
#goog,1022194910215135232,2018-07-25 19:00:32,  I've got just the stock for you. #goog,0.0
#goog,1022168873406214146,2018-07-25 17:17:05,"Did you know that you can use #Bitcoin to trade #Stocks?

1 - 15x Leverage âœ…

â–¶ï¸  â—€ï¸

Registâ€¦ ",0.0
#goog,1022131239766163457,2018-07-25 14:47:32,Got to hang with my Gâ€™s this morning ğŸ’¯ ğŸ»ğŸ€ #GOOG ,0.0
#goog,1022126605265657857,2018-07-25 14:29:07,"ğŸ´ó §ó ¢ó ¥ó ®ó §ó ¿ English Source of 100% Fixed Matches ğŸ´ó §ó ¢ó ¥ó ®ó §ó ¿

ğŸ’¥â‚¬150.00 SPECIALğŸ’¥

ğŸ‘‰Telegram Link :  ",0.05
#goog,1022110156975493120,2018-07-25 13:23:45,an eye 2 buy #NQ_F on correction daily t/frame will watch #GOOG DFB #AMZN #AAPL  if they give avg 5% bk index dropsâ€¦ ,0.0
#goog,1022107235185516544,2018-07-25 13:12:09,"Did you know that you can use #Bitcoin to trade #Stocks?

1 - 15x Leverage âœ…

â–¶ï¸  â—€ï¸

Registâ€¦ ",0.0
#goog,1022105347740377089,2018-07-25 13:04:39,HAPPIEST OF BIRTHDAYS TO MY LOVE  hope itâ€™s a goog one hehe love uuu #happi3months #sully #googâ€¦ ,0.5
#goog,1022073762500538368,2018-07-25 10:59:08,  Thatâ€™s one way to ever-so-subtly impress upon the ğŸŒ exactly where  strategyâ€¦ ,0.25
#goog,1022060658798551040,2018-07-25 10:07:04,"Did you know that you can get paid #Bitcoin dividends
for holding your #Stocks position?

1 - 15x Leverage âœ…

â–¶ï¸â€¦ ",0.0
#goog,1021948007946887168,2018-07-25 02:39:26,"$GOOG closed at $1,248.08 showing strong 14-day RSI of 79  #GOOG",0.16666666666666663
#goog,1021943154184843264,2018-07-25 02:20:09,"#NFLX , #AMZN , #FB , #GOOG , #MSFT , #AAPL , #NVDA , #TSLA ã®æ ªä¾¡æ¨ç§»ã§ã™ã€‚#TSLA ã‚’é™¤ã„ã¦å¹´åˆã®æ ªä¾¡ã‚’ä¸Šå›ã£ã¦ã„ã¾ã™ã€‚ ",0.0
#goog,1021938640274874369,2018-07-25 02:02:13,"ğŸ´ó §ó ¢ó ¥ó ®ó §ó ¿ English Source of 100% Fixed Matches ğŸ´ó §ó ¢ó ¥ó ®ó §ó ¿

ğŸ’¥â‚¬150.00 SPECIALğŸ’¥

ğŸ‘‰Telegram Link :  ",0.05
#goog,1021937665510236160,2018-07-25 01:58:20,"ğŸ´ó §ó ¢ó ¥ó ®ó §ó ¿ English Source of 100% Fixed Matches ğŸ´ó §ó ¢ó ¥ó ®ó §ó ¿

ğŸ‘‰Telegram Link : 

ğŸ‘†ğŸ‘†ğŸ‘†ğŸ‘†ğŸ‘†ğŸ‘†ğŸ‘†ğŸ‘†ğŸ‘†ğŸ‘†ğŸ‘†ğŸ‘†ğŸ‘†ğŸ‘†ğŸ‘†ğŸ‘†â€¦ ",0.05
#goog,1021933133283975168,2018-07-25 01:40:20,Text Book Example Of   A Low Confidence Market. No One Wants To Sell And Few Wants To Buy. Even #goog earnings coulâ€¦ ,0.05
#goog,1021896866865111041,2018-07-24 23:16:13,"""If the Alphabet earnings number without the fine was used, the market's earnings growth rate would be 22.4 percentâ€¦ ",0.4166666666666667
#goog,1021852503699333122,2018-07-24 20:19:56,"$GOOG RALLIES 3.53% ON HIGH VOLUME: 
Sentiment: Neutral #GOOG #Google",0.16
#goog,1021850037616164864,2018-07-24 20:10:08,"Did you know that you can get paid #Bitcoin dividends
for holding your #Stocks position?

1 - 15x Leverage âœ…

â–¶ï¸â€¦ ",0.0
#goog,1021838467280629761,2018-07-24 19:24:10,"You let me down tech #stocks. What happened today after #goog earnings? Too much shorting. Well I'll be holding.

",0.022222222222222213
#goog,1021837177766993921,2018-07-24 19:19:02,"Google: Great Quarter, Great Company, but is it really a buy here?  Adj. earnings growth this qtr. was 18%.  2019 eâ€¦ ",0.6
#goog,1021807490068041735,2018-07-24 17:21:04,"Did you know that you can use #Bitcoin to trade #Stocks?

1 - 15x Leverage âœ…

â–¶ï¸  â—€ï¸

Registâ€¦ ",0.0
#goog,1021764070154948608,2018-07-24 14:28:32,"Alphabet (Google) shares surged to an all-time high - Big Bets are â€˜paying offâ€™: YouTube, Autonomous Cars, and Clouâ€¦ ",0.18666666666666668
#goog,1021741200796250113,2018-07-24 12:57:39,#Alphabet is truly a remarkable company. To grow at this pace when already this big is a huge achievement. Obviouslâ€¦ ,0.38333333333333336
#goog,1021737622379683840,2018-07-24 12:43:26,Tech #stocks should enjoy the #goog #google bounce today. With revenue exceeding estimates.,0.4
#goog,1021733951059226624,2018-07-24 12:28:51,"Low Float movement 1hr Before Market on July 24th 

 LOW FLOAT
 Gap up
 $TOPS $BLIN $SPCB $RIOT $AUDC $MARA
Gap Dowâ€¦ ",0.0
#goog,1021730260004548608,2018-07-24 12:14:11,"Did you know that you can use #Bitcoin to trade #Stocks?

1 - 15x Leverage âœ…

â–¶ï¸  â—€ï¸

Registâ€¦ ",0.0
#goog,1021727195453120513,2018-07-24 12:02:00,That Alphabet reports paid clicks on #GOOG are up 58% and CPC's down 22% is absolutely fascinating to me. There's bâ€¦ ,0.2722222222222222
#goog,1021718691036258304,2018-07-24 11:28:13,"Here is where the movement is 2hrs Before Market opens on July 24th 
 LOW FLOAT
 Gap up
 $TOPS $BLIN $RIOT $AUDCâ€¦ ",0.0
#goog,1021685695704965120,2018-07-24 09:17:06,"Did you know that you can get paid #Bitcoin dividends
for holding your #Stocks position?

1 - 15x Leverage âœ…

â–¶ï¸â€¦ ",0.0
#goog,1021668592801251330,2018-07-24 08:09:08,"#Ú¯ÙˆÚ¯Ù„ Ú†Ù†Ø¯ Ø³Ø§Ø¹Øª Ø¯ÛŒÚ¯Ù‡ Ø¨Ø§Ø² Ù…ÛŒØ´Ù‡ Ùˆ Ø¨Ø§ 5 Ø¯Ø±ØµØ¯ Ø±Ø´Ø¯ Ø¨ÛŒØ´ØªØ± Ø¯Ø± after market Ù…Ø§ Ø±Ø³ØªÚ¯Ø§Ø± Ù…ÛŒØ´ÛŒÙ….
#Ø³Ù‡Ø§Ù… #Ø¨ÙˆØ±Ø³ #Ø¨Ø§Ø²Ø§Ø± #Ø³Ø±Ù…Ø§ÛŒÙ‡ #amcâ€¦ ",0.0
#goog,1021646034085322753,2018-07-24 06:39:30,"the #goog fine weighed on earnings
...but company still smashes it. ",0.4166666666666667
#goog,1021616881218871296,2018-07-24 04:43:39,"Alphabet (Google) earnings:
EPS: $4.54 (with EU fine) or $11.75 (without EU fine) versus expected $9.66.
Revenue: $â€¦ ",0.24444444444444446
#goog,1021601928168521728,2018-07-24 03:44:14,"Apple, Google battle to offer exclusive gaming apps: Report â€“ NDTV #Apple,Â #Googâ€¦  ",0.0
#goog,1021565319318564865,2018-07-24 01:18:46,Count me as a #GOOG fan. ,0.0
#goog,1021559211879264256,2018-07-24 00:54:30,"Alphabet 2018 Q2 Earnings Call #GOOG

",0.0
#goog,1021527917698973696,2018-07-23 22:50:09,Google is the biggest ad giant on the planet and it grew ad revenue 21 percent in the just reported quarter. FANGâ€™sâ€¦ ,0.0
#goog,1021498717092933637,2018-07-23 20:54:07,"Alphabet gana en el primer semestre 12.596 millones de dÃ³lares, un 40,7% mÃ¡s    #GOOG increible como sigue creciendo",0.0
#goog,1021495735961956352,2018-07-23 20:42:16,Blow out numbers for #GOOG. No surprise here. ,0.0
#goog,1021493815427964928,2018-07-23 20:34:38, Good as it gets! And to think #GOOGâ€™s business is in large part fake numbers and fake info,0.022321428571428548
#goog,1021491665675198469,2018-07-23 20:26:06,"Did you know that you can get paid #Bitcoin dividends
for holding your #Stocks position?

1 - 15x Leverage âœ…

â–¶ï¸â€¦ ",0.0
#goog,1021490590486343686,2018-07-23 20:21:49,"$GOOG FINDS BUYERS AROUND 1181.00 FOR THE THIRD DAY IN A ROW: 
Sentiment: Very bullish #GOOG #Google",0.1
#goog,1021488622799912961,2018-07-23 20:14:00,"Stop shorting equities people, it wants higher #goog",0.225
#goog,1021486521986306048,2018-07-23 20:05:39,#goog st short 1250,0.0
#goog,1021475121503068161,2018-07-23 19:20:21,"Acciones que reportarÃ¡n tras el cierre de la Jornada de Hoy #AfterMarket, donde destacan. #AMTD, #GOOG,  #GOOGL. ",0.0
#goog,1021472304436600832,2018-07-23 19:09:10,"Google partners with #blockchain app startup #GOOG #Alphabet,Inc.ClC $GOOG $GOOGL  ",0.0
#goog,1021457990522634241,2018-07-23 18:12:17,"#ES_f #nq_f has resistances 
#goog 
Has target of 1206 top pin  and 1182 target 1180~
In earning
Implied move 26.20
29.20",0.5
#goog,1021445088239661056,2018-07-23 17:21:01,"#GOOG 9.62~

As #googl whisper number 
Last yr was 5.01
That would be an increase of 
4.61
An increase of 92.01%
Onâ€¦ ",0.0
#goog,1021441856427778051,2018-07-23 17:08:10,"Did you know that you can use #Bitcoin to trade #Stocks?

1 - 15x Leverage âœ…

â–¶ï¸  â—€ï¸

Registâ€¦ ",0.0
#goog,1021435154257104897,2018-07-23 16:41:32,"Jason Pfaff, from  with Tommy O'Brien this morning to discuss Google earnings tonight afterâ€¦ ",0.0
#goog,1021380206861447173,2018-07-23 13:03:12,"Did you know that you can use #Bitcoin to trade #Stocks?

1 - 15x Leverage âœ…

â–¶ï¸  â—€ï¸

Registâ€¦ ",0.0
#goog,1021337901274189824,2018-07-23 10:15:05,"Did you know that you can get paid #Bitcoin dividends
for holding your #Stocks position?

1 - 15x Leverage âœ…

â–¶ï¸â€¦ ",0.0
#goog,1021288481585344513,2018-07-23 06:58:43,A Broad Look Into Autonomous Vehicles #ethereum #bitcoin #dashcoin #dash #ico #btc #eth #ether #ltc #litecoinâ€¦ ,0.23125
#goog,1021284045433573378,2018-07-23 06:41:05,"#alphabet  #goog

reporting later today.
$5 bill fine for #Android 

this is what we expect. ",0.20833333333333334
#goog,1021270972064718848,2018-07-23 05:49:08,"Facebook Game Ranking No.5
Criminal Case
Pretty Simple

#jamjamtv #game
#facebook #ã‚²ãƒ¼ãƒ  #iphone #ipad #goog ##jamjamtv",-0.19
#goog,1021230441787994113,2018-07-23 03:08:05,#Goog #MorningğŸ™ˆ @ Baltic Queen ,0.0
#goog,1021210595779940352,2018-07-23 01:49:13,"#NFLX , #AMZN , #FB , #GOOG , #MSFT , #AAPL , #NVDA ã®æ ªä¾¡æ¨ç§»ã§ã™ã€‚20æ—¥æ™‚ç‚¹ã§ã¯7éŠ˜æŸ„ã™ã¹ã¦å¹´åˆæ¯”ãƒ—ãƒ©ã‚¹ã‚’ç¶­æŒã—ã¦ã„ã¾ã™ã€‚ ",0.0
#goog,1021129770204049408,2018-07-22 20:28:03,"Did you know that you can get paid #Bitcoin dividends
for holding your #Stocks position?

1 - 15x Leverage âœ…

â–¶ï¸â€¦ ",0.0
#goog,1021120735719325696,2018-07-22 19:52:09,$GOOG .. The way market closed Friday.. look like Monday will be a down day .... but .... because of good earningsâ€¦ ,0.1481481481481481
#goog,1021082233392820226,2018-07-22 17:19:09,"Did you know that you can use #Bitcoin to trade #Stocks?

1 - 15x Leverage âœ…

â–¶ï¸  â—€ï¸

Registâ€¦ ",0.0
#goog,1021056891353526272,2018-07-22 15:38:27,Weekend Review: 15 checks you should make when choosing a link partner  ,0.0
#goog,1021029973971390464,2018-07-22 13:51:30,#technology #earnings $QQQ #tech #stockstrader #stockstowatch #it #amazon #goog #stockstobuy #fbf #stockmarketâ€¦ ,0.0
#goog,1021008237901082625,2018-07-22 12:25:07,"Did you know that you can use #Bitcoin to trade #Stocks?

1 - 15x Leverage âœ…

â–¶ï¸  â—€ï¸

Registâ€¦ ",0.0
#goog,1020963188827926529,2018-07-22 09:26:07,"Did you know that you can get paid #Bitcoin dividends
for holding your #Stocks position?

1 - 15x Leverage âœ…

â–¶ï¸â€¦ ",0.0
#goog,1020766447587528705,2018-07-21 20:24:20, And what happens to #FB #GOOG stock prices when add revenues collapse like they always do in recessionsâ€¦ ,0.0
#goog,1020753813383405570,2018-07-21 19:34:08,"Did you know that you can get paid #Bitcoin dividends
for holding your #Stocks position?

1 - 15x Leverage âœ…

â–¶ï¸â€¦ ",0.0
#goog,1020706483951087616,2018-07-21 16:26:04,"Did you know that you can use #Bitcoin to trade #Stocks?

1 - 15x Leverage âœ…

â–¶ï¸  â—€ï¸

Registâ€¦ ",0.0
#goog,1020703439687507968,2018-07-21 16:13:58,Itâ€™s mineeeeeeeeee #OG #GoOG #BleedGreen ,0.0
#goog,1020643071183278080,2018-07-21 12:14:05,"Did you know that you can use #Bitcoin to trade #Stocks?

1 - 15x Leverage âœ…

â–¶ï¸  â—€ï¸

Registâ€¦ ",0.0
#goog,1020597009387016192,2018-07-21 09:11:03,"Did you know that you can get paid #Bitcoin dividends
for holding your #Stocks position?

1 - 15x Leverage âœ…

â–¶ï¸â€¦ ",0.0
#goog,1020418309882335234,2018-07-20 21:20:58,"$GOOG ENDS THE DAY ON A BEARISH NOTE CLOSING NEAR THE LOW OF THE DAY: 
Sentiment: Neutral #GOOG #Google",0.05
#goog,1020399491223031808,2018-07-20 20:06:11,"Did you know that you can get paid #Bitcoin dividends
for holding your #Stocks position?

1 - 15x Leverage âœ…

â–¶ï¸â€¦ ",0.0
#goog,1020358952213729280,2018-07-20 17:25:06,Result linked to Redditors gaming Google's search algorithm. #goog  ,0.0
#goog,1020357201888673793,2018-07-20 17:18:08,"Did you know that you can use #Bitcoin to trade #Stocks?

1 - 15x Leverage âœ…

â–¶ï¸  â—€ï¸

Registâ€¦ ",0.0
#goog,1020298053578907650,2018-07-20 13:23:06,"Ist auf diesem Planeten schon mal jemand auf die Idee gekommen, Unternehmenssteuern PROGRESSIV zu gestalten (so wieâ€¦ ",0.0
#goog,1020293540709060608,2018-07-20 13:05:10,"Did you know that you can use #Bitcoin to trade #Stocks?

1 - 15x Leverage âœ…

â–¶ï¸  â—€ï¸

Registâ€¦ ",0.0
#goog,1020248741205487616,2018-07-20 10:07:09,"Did you know that you can get paid #Bitcoin dividends
for holding your #Stocks position?

1 - 15x Leverage âœ…

â–¶ï¸â€¦ ",0.0
#goog,1020243690026041344,2018-07-20 09:47:05,Y terminamos la semana analizando para Business Insider quÃ© significarÃ¡ para Google la multa que ha recibido de laâ€¦ ,0.0
#goog,1020218096076886016,2018-07-20 08:05:23,I am directly recognize uber as they're keen to download apps for serving service meanwhile creating hype it's primâ€¦ ,0.1
#goog,1020134220889378816,2018-07-20 02:32:06,"#NFLX , #AMZN , #FB , #GOOG , #MSFT , #AAPL , #NVDA ã®æ ªä¾¡æ¨ç§»ã§ã™ã€‚ãƒãƒƒãƒˆãƒ•ãƒªãƒƒã‚¯ã‚¹ã¯3æ—¥é€£ç¶šã§ä¸‹è½ã—5æ—¥ç·šã€25æ—¥ç·šã‚’ä¸‹æŠœã‘ã€75æ—¥ç·šã«è¿«ã£ã¦ã„ã¾ã™ã€‚ ",0.0
