#googl,1023723151044341761,2018-07-30 00:13:13,"Working Hard or Hardly Working?

1 - 15x Leverage ‚úÖ

‚ñ∂Ô∏è  ‚óÄÔ∏è

Register Now &amp; go Longüìà or Shor‚Ä¶ ",-0.2916666666666667
#googl,1023695000746582017,2018-07-29 22:21:22,_snipper  Stocks don‚Äôt always do well even if the company is doing well. #googl and #msft no‚Ä¶ ,0.0
#googl,1023679706787471364,2018-07-29 21:20:35,"The Big Five - Live Technical Review of FAANG Stocks and Key Market Sectors - Come see our latest take on #AAPL,‚Ä¶ ",0.12727272727272726
#googl,1023646630728347649,2018-07-29 19:09:09,The Big Five FAANG Stock and Sector Service is now posted for Sunday      #AMZN #AAPL #FB‚Ä¶ ,0.0
#googl,1023646592832684033,2018-07-29 19:09:00,GOOGL - 07/29 - #GOOGL chart ,0.0
#googl,1023643536007356416,2018-07-29 18:56:52,Rumor has it ... #marginCall #Fb Selling Winners #AMZN #Googl #Aapl #msft to pay for margin calls,0.0
#googl,1023586958126338049,2018-07-29 15:12:02,"Working Hard or Hardly Working?

1 - 15x Leverage ‚úÖ

‚ñ∂Ô∏è  ‚óÄÔ∏è

Register Now &amp; go Longüìà or Shor‚Ä¶ ",-0.2916666666666667
#googl,1023570950627848192,2018-07-29 14:08:26,„ÄêÊé®Â•®„Çµ„Ç§„Ç∫„Åæ„Å®„ÇÅ„Äë #Facebook #Twitter #YouTube #Googl+ #Instagram „ÅÆÂêÑ„Éó„É©„ÉÉ„Éà„Éõ„Éº„É†„Åî„Å®„ÅÆ #ÁîªÂÉè„Çµ„Ç§„Ç∫ ,0.0
#googl,1023531642277654531,2018-07-29 11:32:14,"Technical Analysis: Nasdaq Alphabet Nvidia



#sp500 #trading #investing #stockmarket‚Ä¶ ",0.0
#googl,1023500478921887744,2018-07-29 09:28:24,"

as 's URL shortener is already shutdown and it will be completely discontinued soon‚Ä¶ ",0.1
#googl,1023491917076738048,2018-07-29 08:54:23,#googl ,0.0
#googl,1023424350609760256,2018-07-29 04:25:54,Twitter is cheap right now. Who will buy them out at a price of $50 + a share? $twtr #twtr #twitter $amzn #amzn‚Ä¶ ,0.34285714285714286
#googl,1023360733332074496,2018-07-29 00:13:06,"Working Hard or Hardly Working?

1 - 15x Leverage ‚úÖ

‚ñ∂Ô∏è  ‚óÄÔ∏è

Register Now &amp; go Longüìà or Shor‚Ä¶ ",-0.2916666666666667
#googl,1023249827713507328,2018-07-28 16:52:24,The FAANG-nary In The Coal Mine  #Fang #Fangs #FAANG #Netflix #NFLX #Facebook #FB #Amazon‚Ä¶ ,0.0
#googl,1023243499699884033,2018-07-28 16:27:15,Weekend Review: #US market becoming a smartphone duopoly by gsterling  ,0.45
#googl,1023213649190694912,2018-07-28 14:28:39,Venture Capital Deals Of The Week: WeWork China Gets $500M #SFTBF #SFTBY #VWORK #GSK #AMGN #REGN #ABBV #GOOG #GOOGL‚Ä¶ ,0.0
#googl,1023211767604817920,2018-07-28 14:21:10,"Working Hard or Hardly Working?

1 - 15x Leverage ‚úÖ

‚ñ∂Ô∏è  ‚óÄÔ∏è

Register Now &amp; go Longüìà or Shor‚Ä¶ ",-0.2916666666666667
#googl,1022983054770495488,2018-07-27 23:12:21,#Qanon #Boycott #FB #GOOGL ,0.0
#googl,1022972253275734016,2018-07-27 22:29:25,  Or  ! #GOOGL,0.0
#googl,1022967632444698624,2018-07-27 22:11:04,"Are you Bullish or Bearish on #Googleüñ•?

1 - 15x Leverage ‚úÖ

‚ñ∂Ô∏è  ‚óÄÔ∏è

Register Now &amp; go Longüìà‚Ä¶ ",0.0
#googl,1022950163575398400,2018-07-27 21:01:39,"Alphabet Inc.(""Google"") - Class A (GOOGL) price at close, 2018-07-27, is 1249.975 USD. #Stocks #Google #GOOGL",0.0
#googl,1022950118306340864,2018-07-27 21:01:28,Check out the latest post at Mark Up Trading: Google Breaks Out  #GOOGL #Wyckoff,0.5
#googl,1022949982968733702,2018-07-27 21:00:56,"Castle Rock is full of secrets‚Ä¶ some that are better kept in the dark. But if you‚Äôre like us and just have to know,‚Ä¶ ",0.2333333333333333
#googl,1022922362390380545,2018-07-27 19:11:10,Still holding my #googl #amzn calls and bought #spy put as hedge,0.0
#googl,1022893316801609728,2018-07-27 17:15:45,Holding #Googl #amzn calls into the weekend no matter how lower it goes today,0.0
#googl,1022892182179463168,2018-07-27 17:11:15,GOOGL - #GOOGL chart ,0.0
#googl,1022889697499119617,2018-07-27 17:01:22,"üìâ Alphabet #googl moved DOWN 3.55% to $1,246.77

Keep track with #Invstr  ",-0.15555555555555559
#googl,1022876118360047616,2018-07-27 16:07:25,#amzn #googl the strongest in this dip,0.0
#googl,1022869897943154689,2018-07-27 15:42:42,4 must-do‚Äôs for marketing budget planning  via dmarketingdepot  #SEO‚Ä¶ ,0.0
#googl,1022863193239154690,2018-07-27 15:16:03,"Working Hard or Hardly Working?

1 - 15x Leverage ‚úÖ

‚ñ∂Ô∏è  ‚óÄÔ∏è

Register Now &amp; go Longüìà or Shor‚Ä¶ ",-0.2916666666666667
#googl,1022861645339488256,2018-07-27 15:09:54,#googl is the safest bet today for holding over the weekend,0.0
#googl,1022831964271923200,2018-07-27 13:11:58,"Retweeted Swing Trade Warrior ():

Hot Stocks To Watch 7/27/2018  #amzn‚Ä¶ ",0.25
#googl,1022831658557423616,2018-07-27 13:10:45,Hot Stocks To Watch 7/27/2018  #amzn #economiccalendar #fb #googl #intc #qqq #spy #twtr #xom ,0.25
#googl,1022831632447889409,2018-07-27 13:10:39,Hot Stocks To Watch 7/27/2018  #amzn #economiccalendar #fb #googl #intc #qqq #spy #twtr #xom ,0.25
#googl,1022831501900230657,2018-07-27 13:10:08,Hot Stocks To Watch 7/27/2018  #amzn #economiccalendar #fb #googl #intc #qqq #spy #twtr #xom ,0.25
#googl,1022831464159821825,2018-07-27 13:09:59,Hot Stocks To Watch 7/27/2018  #amzn #economiccalendar #fb #googl #intc #qqq #spy #twtr #xom ,0.25
#googl,1022815707371921409,2018-07-27 12:07:22,"As Facebook user and revenue growth slows in Q2, advertisers are still on board by ginnymarvin‚Ä¶ ",0.0
#googl,1022760264322695168,2018-07-27 08:27:03,"Are you Bullish or Bearish on #Googleüñ•?

1 - 15x Leverage ‚úÖ

‚ñ∂Ô∏è  ‚óÄÔ∏è

Register Now &amp; go Longüìà‚Ä¶ ",0.0
#googl,1022630822145388544,2018-07-26 23:52:42,"As much as today was historic, tomorrow may go on record as the most highly anticipated day in #FANG history. In th‚Ä¶ ",0.215
#googl,1022612286828109827,2018-07-26 22:39:03,"Are you Bullish or Bearish on #Googleüñ•?

1 - 15x Leverage ‚úÖ

‚ñ∂Ô∏è  ‚óÄÔ∏è

Register Now &amp; go Longüìà‚Ä¶ ",0.0
#googl,1022587600853508096,2018-07-26 21:00:57,"Alphabet Inc.(""Google"") - Class A (GOOGL) price at close, 2018-07-26, is 1285.5 USD. #Stocks #Google #GOOGL",0.0
#googl,1022517014114516992,2018-07-26 16:20:28,"üìà Alphabet #googl just hit a 52 week high of $1,282.93

Keep track with #Invstr  ",0.16
#googl,1022461965380268032,2018-07-26 12:41:43,Oppenheimer Raises Alphabet Inc Class A Q4 2018 Earnings Estimates to $12.23 EPS (Previously $11.96).  $GOOGL #GOOGL,-0.16666666666666666
#googl,1022459444251295745,2018-07-26 12:31:42,Piper Jaffray Companies Raises Alphabet Inc Class A FY2018 Earnings Estimates to $44.18 EPS (Previously $41.43).‚Ä¶ ,-0.16666666666666666
#googl,1022459443408248832,2018-07-26 12:31:42,SunTrust Banks Raises Alphabet Inc Class A FY2018 Earnings Estimates to $42.80 EPS (Previously $39.81).‚Ä¶ ,-0.16666666666666666
#googl,1022459432935014402,2018-07-26 12:31:39,Jefferies Financial Group Raises Alphabet Inc Class A FY2018 Earnings Estimates to $43.97 EPS (Previously $41.22).‚Ä¶ ,-0.08333333333333333
#googl,1022458085196136451,2018-07-26 12:26:18,William Blair Raises Alphabet Inc Class A FY2018 Earnings Estimates to $43.14 EPS (Previously $40.60).  $GOOGL #GOOGL,-0.16666666666666666
#googl,1022447795855388673,2018-07-26 11:45:25,KeyCorp Raises Alphabet Inc Class A Q3 2018 Earnings Estimates to $10.28 EPS (Previously $10.12).  $GOOGL #GOOGL,-0.16666666666666666
#googl,1022447793577832448,2018-07-26 11:45:24,B. Riley Raises Alphabet Inc Class A Q3 2018 Earnings Estimates to $9.63 EPS (Previously $9.08).  $GOOGL #GOOGL,-0.16666666666666666
#googl,1022443593968099328,2018-07-26 11:28:43,Facebook negative after hours after earnings miss. FAANG + M this earnings season has been bumping market around (n‚Ä¶ ,-0.3
#googl,1022392099470229504,2018-07-26 08:04:06,"Are you Bullish or Bearish on #Googleüñ•?

1 - 15x Leverage ‚úÖ

‚ñ∂Ô∏è  ‚óÄÔ∏è

Register Now &amp; go Longüìà‚Ä¶ ",0.0
#googl,1022358648734081024,2018-07-26 05:51:11, after killing Google shopping with this incredibly stupid region limit now you are killing stocks and crypt‚Ä¶ ,-0.7999999999999999
#googl,1022296109534916608,2018-07-26 01:42:40,The Big Five FAANG Stock and Sector Service is now posted for Wednesday  ,0.0
#googl,1022291356796911617,2018-07-26 01:23:47,#GOOGL #NVDA #AVGO #CY #IOT #AMD #AMZN ,0.0
#googl,1022242865093767168,2018-07-25 22:11:06,"Are you Bullish or Bearish on #Googleüñ•?

1 - 15x Leverage ‚úÖ

‚ñ∂Ô∏è  ‚óÄÔ∏è

Register Now &amp; go Longüìà‚Ä¶ ",0.0
#googl,1022228875772919816,2018-07-25 21:15:30,"$XLK @ 74.24 (at close) - now at 73.85

10/18 - 74 strike calls - 10K were opened a few days ago prior to #GOOGL an‚Ä¶ ",-0.1
#googl,1022225207719854082,2018-07-25 21:00:56,"Alphabet Inc.(""Google"") - Class A (GOOGL) price at close, 2018-07-25, is 1275.9399 USD. #Stocks #Google #GOOGL",0.0
#googl,1022172001354563586,2018-07-25 17:29:30,RT SolucionesOrion: ‚ÄúImplementamos #GSuite para nuestros 42.000 empleados logrando un gran impacto en la forma en q‚Ä¶ ,0.0
#googl,1022102715395198976,2018-07-25 12:54:11,"RT pinchaaqui: üì¢ ¬°Extra, extra! Novedades en #Google Adwords 
En este post, expertos en #SEO &amp; #SEM nos cuentan las‚Ä¶ ",0.0
#googl,1022102558201012224,2018-07-25 12:53:34,Female Independent Escorts Outcalls in Newcastle -  - #Escorts #UK #UKBizShoutOut #Massage‚Ä¶ ,0.0
#googl,1022101983686275074,2018-07-25 12:51:17,William Blair Raises Alphabet Inc Class A Q3 2018 Earnings Estimates to $10.34 EPS (Previously $10.31).‚Ä¶ ,-0.16666666666666666
#googl,1022101976438501376,2018-07-25 12:51:15,SunTrust Banks Lowers Alphabet Inc Class A Q3 2018 Earnings Estimates to $9.75 EPS (Previously $9.80).  $GOOGL #GOOGL,-0.16666666666666666
#googl,1022101975939395585,2018-07-25 12:51:15,Oppenheimer Raises Alphabet Inc Class A Q3 2018 Earnings Estimates to $11.79 EPS (Previously $11.15).  $GOOGL #GOOGL,-0.16666666666666666
#googl,1022101971740835840,2018-07-25 12:51:14,Piper Jaffray Companies Raises Alphabet Inc Class A Q3 2018 Earnings Estimates to $11.06 EPS (Previously $10.80).‚Ä¶ ,-0.16666666666666666
#googl,1022101961942999040,2018-07-25 12:51:12,Jefferies Financial Group Raises Alphabet Inc Class A Q3 2018 Earnings Estimates to $10.58 EPS (Previously $10.36).‚Ä¶ ,-0.08333333333333333
#googl,1022093569459412993,2018-07-25 12:17:51,"A day after #GOOGL rose sharply to record levels on strong earnings, #TopWAMHoldings #LMT, #UTX, #VZ all reported b‚Ä¶ ",0.30277777777777776
#googl,1022059043148455936,2018-07-25 10:00:39,"Alphabet Inc Class A (NASDAQ: GOOGL) pleases investors again; stock rises 

#Stock #Alphabet‚Ä¶ ",0.0
#googl,1022019142696742915,2018-07-25 07:22:06,#googl is up 21.80% since 1st May after jumping 3.85% yesterday to US$1258.15 #SIPP #FANG ,0.0
#googl,1022018879806156800,2018-07-25 07:21:03,"Are you Bullish or Bearish on #Googleüñ•?

1 - 15x Leverage ‚úÖ

‚ñ∂Ô∏è  ‚óÄÔ∏è

Register Now &amp; go Longüìà‚Ä¶ ",0.0
#googl,1022005339070361600,2018-07-25 06:27:15,"#Wall #Street‚Äôs Top #Analysts Upgrades, Downgrades &amp; Initiations $#AA, $#GOOGL, $#AAPL, $‚Ä¶ ",0.5
#googl,1021943966349094912,2018-07-25 02:23:23,$GOOGL pulling away with a 14-day RSI of 77  #GOOGL,0.0
#googl,1021917452148645888,2018-07-25 00:38:01,"Cramer says FANG stocks could still have room to run.

$FB
$AMZN
#NFLX
#GOOGL ",0.0
#googl,1021886012396642304,2018-07-24 22:33:05,"Are you Bullish or Bearish on #Googleüñ•?

1 - 15x Leverage ‚úÖ

‚ñ∂Ô∏è  ‚óÄÔ∏è

Register Now &amp; go Longüìà‚Ä¶ ",0.0
#googl,1021877267264352256,2018-07-24 21:58:20,Another step in the march of #AMZN toward ending the #GOOGL - #Facebook #Advertising duopoly. Nicely reported by‚Ä¶ ,0.6
#googl,1021862828750327809,2018-07-24 21:00:58,"Alphabet Inc.(""Google"") - Class A (GOOGL) price at close, 2018-07-24, is 1258.74 USD. #Stocks #Google #GOOGL",0.0
#googl,1021857808055066625,2018-07-24 20:41:01,googl - #GOOGL chart ,0.0
#googl,1021851843893317633,2018-07-24 20:17:19,"$GOOGL CLOSES HIGHER FOR THE 2ND DAY IN A ROW: 
Sentiment: Neutral #GOOGL #Google",0.125
#googl,1021850409420423168,2018-07-24 20:11:37,The top iPhone and iPad apps on App Store $GOOGL #GOOGL #Smartphones #Mobilephones #Consumerelectronics ,0.5
#googl,1021850393813417986,2018-07-24 20:11:33,The top iPhone and iPad apps on App Store $GOOGL #GOOGL #Smartphones #Mobilephones #Consumerelectronics ,0.5
#googl,1021846851983757312,2018-07-24 19:57:29,#ironcondor #googl ,0.0
#googl,1021840699199840256,2018-07-24 19:33:02,24 Hour Google Trade 350% GAIN  #googl overnight #earnings #earningstrade #earningseason #DayTrader‚Ä¶ ,0.0
#googl,1021825491324399616,2018-07-24 18:32:36,Finally #googl picking up,0.0
#googl,1021791952512139264,2018-07-24 16:19:20,#googl ,0.0
#googl,1021787176332394497,2018-07-24 16:00:21," #nasdaq al d√≠a de hoy estaba ""desarmando la cu√±a que propuse hace dos d√≠as atr√°s con volver a entrar en ell‚Ä¶ ",0.0
#googl,1021786080713101312,2018-07-24 15:56:00,Alphabet #GOOGL ,0.0
#googl,1021772774862467072,2018-07-24 15:03:07,#GOOGL ,0.0
#googl,1021769889831374848,2018-07-24 14:51:39,#GOOGL #REVENUE ,0.0
#googl,1021766690235768832,2018-07-24 14:38:57,Bot #googl 1285c July 27 at 4.56,0.0
#googl,1021761115133337600,2018-07-24 14:16:47,"#googl makes money off of ads so I predict based on #googl earning, #fb earning be a huge outcome too",0.4000000000000001
#googl,1021756591144624128,2018-07-24 13:58:49,#GOOGL rocks! ,0.0
#googl,1021756238210580481,2018-07-24 13:57:25,"Bought yeaterday right as soon as market closed and #googl earning was released at 1.1 spx call 2840, sold this mor‚Ä¶ ",0.09285714285714285
#googl,1021753689881509888,2018-07-24 13:47:17,GOOGL - #GOOGL chart ,0.0
#googl,1021749427063713792,2018-07-24 13:30:21,"üìà Alphabet #googl just hit a 52 week high of $1,270.00

Keep track with #Invstr  ",0.16
#googl,1021744988063821825,2018-07-24 13:12:42,"   Gents, good morning. Pivotal just came out with a note to sell #GOOGL and $‚Ä¶ ",0.6
#googl,1021741194626314242,2018-07-24 12:57:38,Going to be a huge day on my USA holdings. #googl $btc #blockchain $amzn,0.4000000000000001
#googl,1021733234642567168,2018-07-24 12:26:00,Yes #Google ok #googl time to play catch up to #amzn good time to rotate into googl as the stock has lagged amzn,0.6
#googl,1021702157479890946,2018-07-24 10:22:31,"Company News - Alphabet Inc. $GOOGL
#Google #AlphabetInc #CompanyNews #FlashNote #GlobalStocks #GOOGL #LesterDavids‚Ä¶ ",0.0
#googl,1021668592801251330,2018-07-24 08:09:08,"#⁄ØŸà⁄ØŸÑ ⁄ÜŸÜÿØ ÿ≥ÿßÿπÿ™ ÿØ€å⁄ØŸá ÿ®ÿßÿ≤ ŸÖ€åÿ¥Ÿá Ÿà ÿ®ÿß 5 ÿØÿ±ÿµÿØ ÿ±ÿ¥ÿØ ÿ®€åÿ¥ÿ™ÿ± ÿØÿ± after market ŸÖÿß ÿ±ÿ≥ÿ™⁄Øÿßÿ± ŸÖ€åÿ¥€åŸÖ.
#ÿ≥ŸáÿßŸÖ #ÿ®Ÿàÿ±ÿ≥ #ÿ®ÿßÿ≤ÿßÿ± #ÿ≥ÿ±ŸÖÿß€åŸá #amc‚Ä¶ ",0.0
#googl,1021652243437768704,2018-07-24 07:04:10,"Are you Bullish or Bearish on #Googleüñ•?

1 - 15x Leverage ‚úÖ

‚ñ∂Ô∏è  ‚óÄÔ∏è

Register Now &amp; go Longüìà‚Ä¶ ",0.0
#googl,1021651583229145088,2018-07-24 07:01:33,Alphabet jumps after big earnings beat  #googl #alphabet #earnings,0.0
#googl,1021631166468763648,2018-07-24 05:40:25,Alphabet results support company confidence in face of EU curbs  via  #googl,0.0
#googl,1021616881218871296,2018-07-24 04:43:39,"Alphabet (Google) earnings:
EPS: $4.54 (with EU fine) or $11.75 (without EU fine) versus expected $9.66.
Revenue: $‚Ä¶ ",0.24444444444444446
#googl,1021600870562062346,2018-07-24 03:40:02,#GOOGL -  POSICIONES EN LAS ACCIONES DE GOOGLE (GOOGL) - ,0.0
#googl,1021556654956003333,2018-07-24 00:44:20,So excited for tomorrow‚Äôs morning call with    I know he will have a couple of great potential trades to share #googl #simple,0.29375
#googl,1021526530370023424,2018-07-23 22:44:38,"Will Geopolitical Brinksmanship Stop the Markets?
#FeaturedPosts #Financial #GOOGL #NFLX #TSLA #China #Iran‚Ä¶ ",0.0
#googl,1021525528505982976,2018-07-23 22:40:39,RO'S RECAP 7/23 #EARNINGS SEASON #GOOGL #VXX #STOCKS - ,0.0
#googl,1021522555197419523,2018-07-23 22:28:50,"Alphabet shares extend after-hours gain, up more than 5.3%, after big earnings beat, reporting 58% rise in paid cli‚Ä¶ ",0.25
#googl,1021520739671986177,2018-07-23 22:21:37,EARNINGS:Alphabet Q2 EPS $11.75 vs. $9.59 Est; Q2 Revs. $32.66B vs. $32.17B Est- ,0.0
#googl,1021520366542434305,2018-07-23 22:20:08,"Are you Bullish or Bearish on #Googleüñ•?

1 - 15x Leverage ‚úÖ

‚ñ∂Ô∏è  ‚óÄÔ∏è

Register Now &amp; go Longüìà‚Ä¶ ",0.0
#googl,1021516032123564033,2018-07-23 22:02:55,"#Alphabet shares soar despite hit to profit from #Google #EuropeanUnion fine. #Mobile is compensating. Wow. 
Via‚Ä¶ ",0.25833333333333336
#googl,1021503475446960129,2018-07-23 21:13:01,#GOOGL is a phenomenal company. ,0.5
#googl,1021500463219388416,2018-07-23 21:01:03,"Alphabet Inc.(""Google"") - Class A (GOOGL) price at close, 2018-07-23, is 1211 USD. #Stocks #Google #GOOGL",0.0
#googl,1021499218408755202,2018-07-23 20:56:06,"#GOOGL traded up to almost 1286 in AH

unreal, thanks _Tiko ",0.2
#googl,1021495083680641024,2018-07-23 20:39:41,"#GOOGL Alphabet bate expectativas:
EPS 11‚Äô76$ vs Est. 9‚Äô59$
Ingresos 32.66B$ vs Est. 32.17B$ 
Acciones en el ‚Äúafter‚Ä¶ ",0.0
#googl,1021490669012037633,2018-07-23 20:22:08,A google veia doida #GOOGL,0.0
#googl,1021489450629713921,2018-07-23 20:17:18,"$GOOGL STUCK WITHIN TIGHT TRADING RANGE: 
Sentiment: Bullish #GOOGL #Google",-0.17857142857142858
#googl,1021488394302644224,2018-07-23 20:13:06,#Alphabet Inc. Report√≥ por encima del esperado por el consenso de analistas siendo el EPS estimado $9.59 vs $11.75‚Ä¶ ,0.0
#googl,1021487401057886208,2018-07-23 20:09:09,Alphabet delivers -- never underestimate _Tiko  #GOOGL ,0.0
#googl,1021486856557481986,2018-07-23 20:06:59,"#googl $googl SL done, trade over, we wait another opportunity to short it. SL touch√©, trade termin√© nous attendons‚Ä¶ ",0.0
#googl,1021478132728119296,2018-07-23 19:32:19,"Anybody long #GOOGL going into earnings today after the bell? If so, GL üíµüíµ",-0.05
#googl,1021477560276996098,2018-07-23 19:30:03,"#googl $googl Recall, we reached our target to short it !! / Nous avons atteint notre objectif pour le shorter.
",0.0
#googl,1021475121503068161,2018-07-23 19:20:21,"Acciones que reportar√°n tras el cierre de la Jornada de Hoy #AfterMarket, donde destacan. #AMTD, #GOOG,  #GOOGL. ",0.0
#googl,1021445088239661056,2018-07-23 17:21:01,"#GOOG 9.62~

As #googl whisper number 
Last yr was 5.01
That would be an increase of 
4.61
An increase of 92.01%
On‚Ä¶ ",0.0
#googl,1021407904627187713,2018-07-23 14:53:15,The #GOOGL gap ,0.0
#googl,1021323080688390144,2018-07-23 09:16:12,"Major Earnings for today:
Google (Nasdaq: GOOGL) Forecasted EPS $9.66 &amp; Revenue $25.58B (after market)
Halliburton‚Ä¶ ",0.0625
#googl,1021323032026116098,2018-07-23 09:16:00,"Major Earnings for today:
Google (Nasdaq: GOOGL) Forecasted EPS $9.66 &amp; Revenue $25.58B (after market)
Halliburton‚Ä¶ ",0.0625
#googl,1021322901167984640,2018-07-23 09:15:29,"Major Earnings for today:
Google (Nasdaq: GOOGL) Forecasted EPS $9.66 &amp; Revenue $25.58B (after market)
Halliburton‚Ä¶ ",0.0625
#googl,1021295616503308288,2018-07-23 07:27:04,"Are you Bullish or Bearish on #Googleüñ•?

1 - 15x Leverage ‚úÖ

‚ñ∂Ô∏è  ‚óÄÔ∏è

Register Now &amp; go Longüìà‚Ä¶ ",0.0
#googl,1021288481585344513,2018-07-23 06:58:43,A Broad Look Into Autonomous Vehicles #ethereum #bitcoin #dashcoin #dash #ico #btc #eth #ether #ltc #litecoin‚Ä¶ ,0.23125
#googl,1021245232858292224,2018-07-23 04:06:51,All aleets set up for this week based on #Fibonacci #googl #amzn #fb #nasdaq #dowjones #spx #sp500 ,0.0
#googl,1021225358526275587,2018-07-23 02:47:53,"#Earnings on 07/23/2018
#GOOGL
#HAS
#ITW
#PHG
#AMTD
#WHR
#ZION ",0.0
#googl,1021179152680927232,2018-07-22 23:44:17,#GOOGL/AMZN #HEB/HLX ,0.0
#googl,1021162232267395072,2018-07-22 22:37:03,"Are you Bullish or Bearish on #Googleüñ•?

1 - 15x Leverage ‚úÖ

‚ñ∂Ô∏è  ‚óÄÔ∏è

Register Now &amp; go Longüìà‚Ä¶ ",0.0
#googl,1021105805351968768,2018-07-22 18:52:49,The Big Five Stock and Sector Service is now posted for Sunday                    #AMZN‚Ä¶ ,0.0
#googl,1020930215898427393,2018-07-22 07:15:06,"Are you Bullish or Bearish on #Googleüñ•?

1 - 15x Leverage ‚úÖ

‚ñ∂Ô∏è  ‚óÄÔ∏è

Register Now &amp; go Longüìà‚Ä¶ ",0.0
#googl,1020794328216633344,2018-07-21 22:15:07,"Are you Bullish or Bearish on #Googleüñ•?

1 - 15x Leverage ‚úÖ

‚ñ∂Ô∏è  ‚óÄÔ∏è

Register Now &amp; go Longüìà‚Ä¶ ",0.0
#googl,1020712347214598145,2018-07-21 16:49:22,"Earnings Reports: 
#MSFT (7/20), #GOOGL (7/23), #FB (7/25), #AMZN (7/26), #AAPL (7/31) ",0.0
#googl,1020697393761841154,2018-07-21 15:49:56,"#Earnings for the week of July 23, 2018 are Amazon #AMZN, AMD #AMD, Facebook #FB, Twitter #TWTR, Alphabet #GOOGL, B‚Ä¶ ",0.0
#googl,1020639794274025477,2018-07-21 12:01:04,googl - #GOOGL chart ,0.0
#googl,1020564800382828544,2018-07-21 07:03:04,"Are you Bullish or Bearish on #Googleüñ•?

1 - 15x Leverage ‚úÖ

‚ñ∂Ô∏è  ‚óÄÔ∏è

Register Now &amp; go Longüìà‚Ä¶ ",0.0
#googl,1020443755063590912,2018-07-20 23:02:04,"37.ÊèíÂÖ•ÁöÑÂúñÁâá‰∏çÊúÉÁ†¥Â£ûË°®Ê†ºÊéíÁâàÔºåÂúñÁâáËá™ÂãïÈÅ©ÂêàË°®Ê†ºÂ§ßÂ∞è(Office 2010 È´òÊïàÊñáÊõ∏ËôïÁêÜ)

Â¶ÇÊûúÂΩ±ÁâáÂ∞ç‰Ω†ÊúâÂπ´Âä©ÔºåË´ãÂπ´ÂøôÊåâÂÄãËÆöÔºå‰πüË´ãÂàÜ‰∫´Áµ¶ÈúÄË¶ÅÁöÑÊúãÂèãÂÄëÂñî~
Ê≠°ËøéË®ÇÈñ±ÊàëÂÄëÁöÑÊïôÂ≠∏È†ªÈÅì„Äê‚Ä¶ ",0.0
#googl,1020430942572343297,2018-07-20 22:11:10,"Are you Bullish or Bearish on #Googleüñ•?

1 - 15x Leverage ‚úÖ

‚ñ∂Ô∏è  ‚óÄÔ∏è

Register Now &amp; go Longüìà‚Ä¶ ",0.0
#googl,1020413846815674368,2018-07-20 21:03:14,"Alphabet Inc.(""Google"") - Class A (GOOGL) price at close, 2018-07-20, is 1197.88 USD. #Stocks #Google #GOOGL",0.0
#googl,1020396333364940800,2018-07-20 19:53:38,Podria pasar... - #GOOGL chart ,0.0
#googl,1020375712497364993,2018-07-20 18:31:42,Just an FYI...#investing #finance #AAPL #GOOGL #MSFT #FB #AMZN ,0.0
#googl,1020243690026041344,2018-07-20 09:47:05,Y terminamos la semana analizando para Business Insider qu√© significar√° para Google la multa que ha recibido de la‚Ä¶ ,0.0
#googl,1020230158840627200,2018-07-20 08:53:19,"#googl $goog En donn√©es journali√®res. Nous somme dans canal qui se casse, g√©n√©ralement par le bas!!!!! Nous shorton‚Ä¶ ",0.0
#googl,1020229791998464000,2018-07-20 08:51:52,#googl $goog UT Daily. We are in great canal who generally breakdown !!! We short it around 1215. TP1 1185 TP2 1160 ,0.2244140625
#googl,1020207217461559296,2018-07-20 07:22:09,"Are you Bullish or Bearish on #Googleüñ•?

1 - 15x Leverage ‚úÖ

‚ñ∂Ô∏è  ‚óÄÔ∏è

Register Now &amp; go Longüìà‚Ä¶ ",0.0
#googl,1026000134369406982,2018-08-05 07:01:08,Weekend Review: Special rates to #SMX East end soon! by marketingland  ,0.44642857142857145
