#tsla,1023845601258205184,2018-07-30 08:19:48, I decided to take profits earlier today for two reasons. First we are at short-term support. Bounce or evâ€¦ ,0.125
#tsla,1023841910006403072,2018-07-30 08:05:08,#TSLA #TSLAQ ,0.0
#tsla,1023834827106254849,2018-07-30 07:36:59,Meanwhile two interesting stocks like #TSLA $297 and #FB $174.70 are hovering around Friday close,0.5
#tsla,1023811872074735616,2018-07-30 06:05:46,"â€œMs. Vandermeyden joined Tesla in a sales position in 2013, and since then, despite having no formal engineering deâ€¦ ",0.0
#tsla,1023799902051201024,2018-07-30 05:18:12,"Difference between New and Experienced Trader

1 - 15x Leverage âœ…

â–¶ï¸  â—€ï¸

Register Now &amp; goâ€¦ ",0.4681818181818182
#tsla,1023774118276083712,2018-07-30 03:35:45,If #tsla ever goes away your reach will lose 1000's. ,0.0
#tsla,1023772778691002370,2018-07-30 03:30:25,Not quite a falling wedge on the $TSLA daily. Too bad. Thatâ€™d make going long a lot easier. #Tesla #stocks #Tsla ,-0.24999999999999997
#tsla,1023766671020969984,2018-07-30 03:06:09,"Bentley with bitcoin hood ornament

1 - 15x Leverage âœ…

â–¶ï¸  â—€ï¸

Register Now &amp; go LongğŸ“ˆ or Sâ€¦ ",0.0
#tsla,1023760102732509185,2018-07-30 02:40:03,"Group 3 Stocks &amp; ETF instruments charts are updated in 4 time frames, weekly, daily , 4 hour and 1 hour. They are aâ€¦ ",0.0
#tsla,1023758875944779777,2018-07-30 02:35:11,"Countries banning Bitcoin

1 - 15x Leverage âœ…

â–¶ï¸  â—€ï¸

Register Now &amp; go LongğŸ“ˆ or ShortğŸ“‰ onâ€¦ ",0.0
#tsla,1023758022882013184,2018-07-30 02:31:47,Weekly Technical Video For Group 3 Stocks &amp; ETF instruments is available for members viewing @ the websiteâ€¦ ,0.2
#tsla,1023755556476133377,2018-07-30 02:21:59,"264$ Ù‚Ø±ÙŠØ¨Ù‡ Ø¬Ø¯Ø§Ù‹
#tsla ",0.0
#tsla,1023753887835152386,2018-07-30 02:15:21,"Check July 29, 2018 at 10:15PM, Still Looking for #ALPHA ? Make $10 in BitCoin  #roku #gproâ€¦ ",0.0
#tsla,1023729805018255360,2018-07-30 00:39:40,  Please make a fleet of automated street sweepers that return to the garage and plug themselves in each night #TSLA,0.0
#tsla,1023729722990063616,2018-07-30 00:39:20,TSLA Bearish Earnings Options Action Trade - #TSLA chart ,0.1
#tsla,1023710564411789312,2018-07-29 23:23:12,Looking to start a tour company with Model 3â€™s and also as rentals. It would be awesome to have the ability to applâ€¦ ,1.0
#tsla,1023702170422587392,2018-07-29 22:49:51,Model 3 ğŸŒˆ low cost of ownership. #tesla #tsla #ElectricVehicle âš¡ï¸ğŸ˜ ,0.0
#tsla,1023697893918736384,2018-07-29 22:32:51,#tsla #Tesla #stockmarketnews TSLA candle chart ,0.0
#tsla,1023694658843492353,2018-07-29 22:20:00,#TSLA - Linea de tendencia bajista Â¨tslaÂ¨ - ,0.0
#tsla,1023683597788573696,2018-07-29 21:36:03,"A theory of a company is imaginary if it's not sustainable due to fraud. 
#TSLA ",-0.125
#tsla,1023668608969461760,2018-07-29 20:36:29, They have tapped into the moron class like no other.  But they are morons for making that their business model.  #TSLA,-0.5125000000000001
#tsla,1023660481435774976,2018-07-29 20:04:12,_EV     Teslas are made with love. Actual Musk rat tearsâ€¦ ,0.25
#tsla,1023655018052902912,2018-07-29 19:42:29,"Zwrot do ktÃ³rego wrÃ³cimy za jakiÅ› czas.  ""TESLA najniÅ¼ej w historii"".  #tsla #Tesla #wehikulczasu #matematik #truenumbers",0.0
#tsla,1023649248255127552,2018-07-29 19:19:33," Reason #74 for owning an #EV 
Lower center of gravity greatly reduces chance of a rollover. #tesla rollover teâ€¦ ",0.35000000000000003
#tsla,1023646630728347649,2018-07-29 19:09:09,The Big Five FAANG Stock and Sector Service is now posted for Sunday      #AMZN #AAPL #FBâ€¦ ,0.0
#tsla,1023589043022516225,2018-07-29 15:20:19,#OOTT #tsla #Tesla $tesla #OPEC #cnbc  ,0.0
#tsla,1023586579930066946,2018-07-29 15:10:32,"RT InOrbisCorp ""ICYMI: [VIDEO] Check out Tesla's autopilot in pouring rain: 

#carsâ€¦ ",-0.75
#tsla,1023586193085214720,2018-07-29 15:09:00,"ICYMI: [VIDEO] Check out Tesla's autopilot in pouring rain: 

#cars #electricvehicleâ€¦ ",-0.75
#tsla,1023586154413731841,2018-07-29 15:08:51,_energy  Which automakers are you long? Which solar companies are you long? Which battery manufactureâ€¦ ,-0.05
#tsla,1023580661469200384,2018-07-29 14:47:01,#TSLA  You know it! ,0.0
#tsla,1023580301463826435,2018-07-29 14:45:35, #TSLA is the only stock I own. Iâ€™m in it for 5+ years minimum,0.3
#tsla,1023576732367052800,2018-07-29 14:31:24,The  ecosystem will change the way you live. #solar #teslaenergy #tesla #TSLA #TSLAQ #Model3 #ModelXâ€¦ ,0.13636363636363635
#tsla,1023567658535596033,2018-07-29 13:55:21," Gaps on gaps on gaps

$TSLA $TSLAQ #tsla ",0.0
#tsla,1023542421219684352,2018-07-29 12:15:04,"Countries banning Bitcoin

1 - 15x Leverage âœ…

â–¶ï¸  â—€ï¸

Register Now &amp; go LongğŸ“ˆ or ShortğŸ“‰ onâ€¦ ",0.0
#tsla,1023527860202627072,2018-07-29 11:17:12,"Bentley with bitcoin hood ornament

1 - 15x Leverage âœ…

â–¶ï¸  â—€ï¸

Register Now &amp; go LongğŸ“ˆ or Sâ€¦ ",0.0
#tsla,1023497381113933824,2018-07-29 09:16:05,"Difference between New and Experienced Trader

1 - 15x Leverage âœ…

â–¶ï¸  â—€ï¸

Register Now &amp; goâ€¦ ",0.4681818181818182
#tsla,1023463382677184512,2018-07-29 07:01:00,#TESLAS on the road! #tesla #teslamotors #tsla #elonmusk #electric ,0.0
#tsla,1023460501299314688,2018-07-29 06:49:33,"Companies like Theranos, which offered little hard evidence to its investors, â€œhave their own rules That hasnâ€™t chaâ€¦ ",0.040277777777777767
#tsla,1023448571369218049,2018-07-29 06:02:08,"Difference between New and Experienced Trader

1 - 15x Leverage âœ…

â–¶ï¸  â—€ï¸

Register Now &amp; goâ€¦ ",0.4681818181818182
#tsla,1023446619037921280,2018-07-29 05:54:23,â€™ boring company runs into legislation hurdle with Californiaâ€™s new tube laws. legal battle to tie up courâ€¦ ,-0.2212121212121212
#tsla,1023445843402092544,2018-07-29 05:51:18, promises to fund Santa Monica residence with tsla model one straws for repentance for gop donations #ElonMusk #tsla,0.0
#tsla,1023421644193161217,2018-07-29 04:15:08,"_worker I prefer the term ""resurrect"" that which was dead is now alive and will bless their future owners withâ€¦ ",-0.03333333333333333
#tsla,1023417572853657600,2018-07-29 03:58:58," Driving my wife crazy showing her all the exciting #tsla to #tslaq celebrations, including pedo bear'sâ€¦ ",-0.15
#tsla,1023404040112295936,2018-07-29 03:05:11,"Bentley with bitcoin hood ornament

1 - 15x Leverage âœ…

â–¶ï¸  â—€ï¸

Register Now &amp; go LongğŸ“ˆ or Sâ€¦ ",0.0
#tsla,1023391491505438720,2018-07-29 02:15:19,"Check July 28, 2018 at 10:15PM, Still Looking for #ALPHA ? Make $10 in BitCoin  #roku #gproâ€¦ ",0.0
#tsla,1023391205915324419,2018-07-29 02:14:11,"Countries banning Bitcoin

1 - 15x Leverage âœ…

â–¶ï¸  â—€ï¸

Register Now &amp; go LongğŸ“ˆ or ShortğŸ“‰ onâ€¦ ",0.0
#tsla,1023379563542405120,2018-07-29 01:27:56,But why doesn't this make national headlines??? #teslamodel3 saves life   #tsla ,0.0
#tsla,1023372994826133504,2018-07-29 01:01:49,"Oh, this is going to become a running joke with Tesla bears. #tsla #tslaq
",0.0
#tsla,1023356663288549377,2018-07-28 23:56:56,"True or not, never blindly follow into anything without doing your own research. #felonmusk #enron #ponzibrosâ€¦ ",0.39999999999999997
#tsla,1023299760583626752,2018-07-28 20:10:49,#tsla long and then short $TSLA ,-0.025
#tsla,1023291884893089792,2018-07-28 19:39:31,Some have complained and wished for side-mirror collision avoidance indicators. I can say from driving Model 3 a moâ€¦ ,-0.3
#tsla,1023270441874612224,2018-07-28 18:14:19,"I just read a Tesla bear refer to it as a ""taxpayer co-financed hobby operation"". #aBitMuch #TSLA #tslaq",0.0
#tsla,1023251561579991041,2018-07-28 16:59:18,"spending some more time in the archives of #elonsalt  

- knows the cost for a #tesla battery
- claims theâ€¦ ",0.5
#tsla,1023245347596820481,2018-07-28 16:34:36,Jim chanos provides tsla short thesis on point again  #tsla #elonmusk,0.0
#tsla,1023230569759559680,2018-07-28 15:35:53,  #tsla ,0.0
#tsla,1023230253156560898,2018-07-28 15:34:37,TSLA - 07/28 - #TSLA chart ,0.0
#tsla,1023223817571917824,2018-07-28 15:09:03,ICYMI: Waymo says it has accumulated 5 billion computer simulation miles and 8 million miles in real world driving:â€¦ ,0.2
#tsla,1023209736630624257,2018-07-28 14:13:06,#tsla ,0.0
#tsla,1023207315208646656,2018-07-28 14:03:28,AWESOME or AWFUL? Owner Trades In His #AstonMartin #V8Vantage For A #Tesla #ModelS  #tslaâ€¦ ,0.0
#tsla,1023201535210270720,2018-07-28 13:40:30,"#Earnings for the week July 30, 2018 Apple #AAPL, Tesla #TSLA, Caterpillar #CAT, Square #SQ, Chesapeake Energy #CHKâ€¦ ",0.0
#tsla,1023178244445618176,2018-07-28 12:07:57,"#tsla #aapl 
I hope they boost #indices ... ",0.0
#tsla,1023177269009899521,2018-07-28 12:04:05,"Countries banning Bitcoin

1 - 15x Leverage âœ…

â–¶ï¸  â—€ï¸

Register Now &amp; go LongğŸ“ˆ or ShortğŸ“‰ onâ€¦ ",0.0
#tsla,1023176130269011969,2018-07-28 11:59:33,#TSLA TSLAQğŸ”¥ ,0.0
#tsla,1023166724886151169,2018-07-28 11:22:11,"Bentley with bitcoin hood ornament

1 - 15x Leverage âœ…

â–¶ï¸  â—€ï¸

Register Now &amp; go LongğŸ“ˆ or Sâ€¦ ",0.0
#tsla,1023134685696860160,2018-07-28 09:14:52,#RESULTADOS 2T: MiÃ©rcoles: #MELIA y #MTS (es probable que haya volatilidad y nos de oportunidades de entrada). Vierâ€¦ ,0.0
#tsla,1023131246023651328,2018-07-28 09:01:12,"Difference between New and Experienced Trader

1 - 15x Leverage âœ…

â–¶ï¸  â—€ï¸

Register Now &amp; goâ€¦ ",0.4681818181818182
#tsla,1023101389843525632,2018-07-28 07:02:34,#tslaq I have a msg for you. everyone i know that have #TeslaModel3 or x/s is also buying #TSLA . And they are abouâ€¦ ,0.0
#tsla,1023077686501990400,2018-07-28 05:28:22,"I think Mike Tyson said it best, ""Everyone has a plan until they get punched in the mouth."" - Is it Wednesday yet?â€¦ ",1.0
#tsla,1023060639793782784,2018-07-28 04:20:38,"""we're"" hi  #elonsalt #shortycyberforce #tsla #tslaq ",0.0
#tsla,1023048754746687488,2018-07-28 03:33:25, I thought it was a photo of â€œburning manâ€ #tsla #elonmusk,0.0
#tsla,1023029099877617664,2018-07-28 02:15:19,"Check July 27, 2018 at 10:15PM, Still Looking for #ALPHA ? Make $10 in BitCoin  #roku #gproâ€¦ ",0.0
#tsla,1023022431550693376,2018-07-28 01:48:49,æœ€å¾Œã« #TSLA ã¨ #TWTR ã§ã™ã€‚#TWTR ã¯5æœˆä¸‹æ—¬ã®ãƒ¬ãƒ™ãƒ«ã¾ã§ä¸‹è½ã—ã¾ã—ãŸã€‚ ,0.0
#tsla,1023021356999356416,2018-07-28 01:44:32,"#NFLX , #AMZN , #FB , #GOOG , #MSFT , #AAPL , #NVDA , #TSLA , #TWTR ã®æ ªä¾¡æ¨ç§»ã§ã™ã€‚#TWTR ã¯æ´¾æ‰‹ã«å‹•ãã¾ã—ãŸã­ã€‚æ˜¨æ—¥ã® #FB åŒæ§˜ã€å€‹åˆ¥æ ªã¯ã“ã‚ŒãŒã‚ã‚‹ã‹ã‚‰ã€‚ ",0.0
#tsla,1023021184705650688,2018-07-28 01:43:51,Grimez ji aapki +1 class key sunder sey ek-do ladkey ke saath submarine ka cruise chalo #TSLA #spacex,0.0
#tsla,1023012581517221888,2018-07-28 01:09:40, So your defensive for owning #tsla is to satisfy a green agenda. Thatâ€™s entirely defensible from aâ€¦ ,-0.1
#tsla,1023005629848465414,2018-07-28 00:42:03," Basically the way we see it, the GDP/CPI guys are all working hard to prepare themselves for positionâ€¦ ",-0.2916666666666667
#tsla,1022989864940314625,2018-07-27 23:39:24,Might be the dumbest thing Iâ€™ve read on here today #TSLA ,0.0
#tsla,1022977686107512832,2018-07-27 22:51:01,Big Shortâ€™s Eisman Is Shorting #Tesla for â€˜Execution Problemsâ€™ . #tsla  ,0.0
#tsla,1022961489668235264,2018-07-27 21:46:39,Raising margin rates to hold Tesla - #TSLA chart ,0.0
#tsla,1022961281651884033,2018-07-27 21:45:49, Another interesting thing is between #AMZN #NFLX #TSLA #MSFT #INTC #TWTR #AAPL #FB their charts appearâ€¦ ,0.5
#tsla,1022949199292190721,2018-07-27 20:57:49,You refute arguments with facts not threats #tsla #elonmusk ,0.0
#tsla,1022938783535251456,2018-07-27 20:16:25,"$TSLA BREAKS KEY SUPPORT LEVEL: 
Sentiment: Neutral #TSLA #Tesla",0.0
#tsla,1022936174095224833,2018-07-27 20:06:03,"Did you know that you can get paid #Bitcoin dividends
for holding your #Stocks position?

1 - 15x Leverage âœ…

â–¶ï¸â€¦ ",0.0
#tsla,1022925635260428289,2018-07-27 19:24:11,"Are you Bullish or Bearish on #TeslağŸš—?

1 - 15x Leverage âœ…

â–¶ï¸  â—€ï¸

Register Now &amp; go LongğŸ“ˆâ€¦ ",0.0
#tsla,1022916102748291072,2018-07-27 18:46:18,Loving our  Energy #solar! #Tesla #TSLA #TSLAQ ,0.75
#tsla,1022915643681718272,2018-07-27 18:44:28,#TSLA ,0.0
#tsla,1022908123856744448,2018-07-27 18:14:36,1 hour charts for the Group 3 instruments are available for members viewing @ the site  ,0.4
#tsla,1022894429223432192,2018-07-27 17:20:11,The Group 3 Live Analysis / Trading Room video recording is available for members @ the siteâ€¦ ,0.2681818181818182
#tsla,1022893929623158789,2018-07-27 17:18:11,"Did you know that you can use #Bitcoin to trade #Stocks?

1 - 15x Leverage âœ…

â–¶ï¸  â—€ï¸

Registâ€¦ ",0.0
#tsla,1022870563763695616,2018-07-27 15:45:21, Whither #TSLA?,0.0
#tsla,1022867143405326342,2018-07-27 15:31:45,I would be interested to know how many other Tesla model 3 reservation holders are contemplating getting the reservâ€¦ ,0.20833333333333334
#tsla,1022864323826393090,2018-07-27 15:20:33,"All hail the $300 support line! Tis our king! Tis will save us from the bad financials and the BK!

#tsla
#tslaq
 
",-0.8749999999999998
#tsla,1022859441547300865,2018-07-27 15:01:09,#TSLA is not transporting inventory via train from Fremont or Lathrop but they are transporting via train at Point Richmond.,0.0
#tsla,1022847340137377797,2018-07-27 14:13:04,"Great to see the great Montana has passed the baton to FT Alphaville #TSLA. Well done Dan Mccrum, you will soon beâ€¦ ",0.8
#tsla,1022840701455818752,2018-07-27 13:46:41,Tesla looking to retest? - #TSLA chart ,0.0
#tsla,1022828049367269376,2018-07-27 12:56:24,Uh oh...#TSLA: On the fulcrum b/w greatness &amp; oblivion..$DJI  #uspoli _TSXV ,0.0
#tsla,1022820183763771393,2018-07-27 12:25:09,"Countries banning Bitcoin

1 - 15x Leverage âœ…

â–¶ï¸  â—€ï¸

Register Now &amp; go LongğŸ“ˆ or ShortğŸ“‰ onâ€¦ ",0.0
#tsla,1022818920632381441,2018-07-27 12:20:08,Group 3 Live Analysis &amp; Trading Session Starts @ 8:45 AM EDT / 12:45 PM GMT /1:45 PM BST; Members link is availableâ€¦ ,0.13636363636363635
#tsla,1022817679957270528,2018-07-27 12:15:12,"Bentley with bitcoin hood ornament

1 - 15x Leverage âœ…

â–¶ï¸  â—€ï¸

Register Now &amp; go LongğŸ“ˆ or Sâ€¦ ",0.0
#tsla,1022797616655020033,2018-07-27 10:55:29,"As of 12/2016 #TSLA employed a whopping 40 (!!!!) people in buffalo, but assured the state they would be hiring 1,4â€¦ ",0.0
#tsla,1022795777146531840,2018-07-27 10:48:10,"ğŸš¨REMINDERğŸš¨

In 2014 the NY Governor decided that the state of NY should allocate 750mm in tax payer funds to subsidâ€¦ ",0.0
#tsla,1022773871932567553,2018-07-27 09:21:07,"Difference between New and Experienced Trader

1 - 15x Leverage âœ…

â–¶ï¸  â—€ï¸

Register Now &amp; goâ€¦ ",0.4681818181818182
#tsla,1022746783099899904,2018-07-27 07:33:29,#TSLA ,0.0
#tsla,1022740788529246208,2018-07-27 07:09:40,"WAR on CARS: Trump Fires Back Against Soft Ban of Internal Combustion Engines (and with it, affordable private carsâ€¦ ",0.025
#tsla,1022709465726902272,2018-07-27 05:05:12, Just wait till itâ€™s Elon suing Tesla #tsla #elonmusk,0.0
#tsla,1022709311095623680,2018-07-27 05:04:35," Duck, ur wrong. Buy bitcoin AND #TSLA ",-0.5
#tsla,1022708305557303298,2018-07-27 05:00:35, He makes a great case on the QTR podcast and ZH hi lighted it well today ... remember kiddos what theyâ€¦ ,0.8
#tsla,1022676888400154624,2018-07-27 02:55:45,Must watch! #TeslaModel3 #Tesla #Model3 #TSLA #M3 ,0.0
#tsla,1022674364456742912,2018-07-27 02:45:43, Meanwhile #TSLA p/e is -32. Whatever that means...,0.0
#tsla,1022666684539256833,2018-07-27 02:15:12,"Check July 26, 2018 at 10:15PM, Still Looking for #ALPHA ? Make $10 in BitCoin  #roku #gproâ€¦ ",0.0
#tsla,1022664625286995968,2018-07-27 02:07:01,47 year old kid. #TSLA #TSLAQ ,0.1
#tsla,1022650752823635969,2018-07-27 01:11:54,1hour post market charts for the Group 3 instruments are available for members viewing @ the siteâ€¦ ,0.4
#tsla,1022637404857847808,2018-07-27 00:18:51,Buying more #tsla.  Forget what the analysts are saying just remember that they are building cars that consumers juâ€¦ ,0.5
#tsla,1022634814720098305,2018-07-27 00:08:34,4 hour charts for the Group 3 instruments are available for members viewing @ the site  ,0.4
#tsla,1022619445934678016,2018-07-26 23:07:29,"Wow this is pathetic - 60bn market cap company sponsored harassment...

 could I recommend some prodâ€¦ ",-0.45
#tsla,1022617945564950528,2018-07-26 23:01:32,"RT InOrbisCorp ""[VIDEO] Check out Tesla's autopilot in pouring rain: 

#carsâ€¦ ",0.0
#tsla,1022617592765329408,2018-07-26 23:00:08,"[VIDEO] Check out Tesla's autopilot in pouring rain: 

#cars #electricvehicleâ€¦ ",0.0
#tsla,1022602247983849473,2018-07-26 21:59:09,"$TSLA BREAKS BELOW 100-DAY MOVING AVERAGE: 
Sentiment: Neutral #TSLA #Tesla",-0.15
#tsla,1022601308531044352,2018-07-26 21:55:25,"_M_Huettner  Rules to live by: 
Never drink and drive.
Never cheat on your partner.
Don't eat barbedâ€¦ ",0.13636363636363635
#tsla,1022597658001661952,2018-07-26 21:40:55,The one tesla competitive advantage that people seems to over look! Tesla supercharger network! There is literallyâ€¦ ,0.0
#tsla,1022595227859734528,2018-07-26 21:31:15,"_Analyst Elons solar shingle vaporware (to get approval) is in my top-3 TSLA frauds.

Elon using #TSLA shareholâ€¦ ",0.0
#tsla,1022588022997635073,2018-07-26 21:02:38,"Here is a year of #TSLA dailys for all the stock price bros, with a small side of stepped-exponential-net-new quartâ€¦ ",-0.25
#tsla,1022580106815004673,2018-07-26 20:31:10,_market Worse than #tsla Q1 call?,-0.4
#tsla,1022575585481117698,2018-07-26 20:13:12,"Did you know that you can get paid #Bitcoin dividends
for holding your #Stocks position?

1 - 15x Leverage âœ…

â–¶ï¸â€¦ ",0.0
#tsla,1022566270489817088,2018-07-26 19:36:11,"Are you Bullish or Bearish on #TeslağŸš—?

1 - 15x Leverage âœ…

â–¶ï¸  â—€ï¸

Register Now &amp; go LongğŸ“ˆâ€¦ ",0.0
#tsla,1022560168733798401,2018-07-26 19:11:57,#TSLA Still on TRACK #MULTIDIAGONALS  #tesla ,0.0
#tsla,1022543729624797185,2018-07-26 18:06:37,Reminder: #TSLA told us its ok they quit the brake &amp; roll testing because *every single car* gets track tested adeqâ€¦ ,0.2142857142857143
#tsla,1022537553038258181,2018-07-26 17:42:05,    The very very same one LOL I think he is off the #tsla #shorts xmâ€¦ ,0.4
#tsla,1022532786203312129,2018-07-26 17:23:08,"Did you know that you can use #Bitcoin to trade #Stocks?

1 - 15x Leverage âœ…

â–¶ï¸  â—€ï¸

Registâ€¦ ",0.0
#tsla,1022532043698266112,2018-07-26 17:20:11,The Group 3 Live Analysis / Trading Room video recording is available for members @ the siteâ€¦ ,0.2681818181818182
#tsla,1022507281009672192,2018-07-26 15:41:47,RIP Chief Fundamentals Officer #TSLA ,0.0
#tsla,1022505375566843906,2018-07-26 15:34:13,#TSLA ,0.0
#tsla,1022494668146204672,2018-07-26 14:51:40,"#FB sinking, who's next? #TSLA in cross hairs",0.0
#tsla,1022493887426953216,2018-07-26 14:48:34,       This is a pivotal moment in #TSLA historâ€¦ ,0.5
#tsla,1022492761478574081,2018-07-26 14:44:05,_Trader Nope... FB is shit..ending its fashion surge and will be non-permanent in time. I would have shorteâ€¦ ,0.0
#tsla,1022482051805663232,2018-07-26 14:01:32,"RT InOrbisCorp ""Waymo says it has accumulated 5 billion computer simulation miles and 8 million miles in real worldâ€¦ ",0.2
#tsla,1022481692861313025,2018-07-26 14:00:07,Waymo says it has accumulated 5 billion computer simulation miles and 8 million miles in real world driving:â€¦ ,0.2
#tsla,1022474596476436480,2018-07-26 13:31:55,"Hopefully, You Didn't Drive Your #TSLA To Your Brokers Office, To Buy #FB, Using #BTC Yesterday!",0.0
#tsla,1022473136703512576,2018-07-26 13:26:07,"Did you know that you can use #Bitcoin to trade #Stocks?

1 - 15x Leverage âœ…

â–¶ï¸  â—€ï¸

Registâ€¦ ",0.0
#tsla,1022466594092527619,2018-07-26 13:00:07,Tesla Asks Suppliers For Cash Back â€” Whatâ€™s Going On? #Tesla #TSLA ,0.0
#tsla,1022456542623354880,2018-07-26 12:20:10,Group 3 Live Analysis &amp; Trading Session Starts @ 8:45 AM EDT / 12:45 PM GMT /1:45 PM BST; Members link is availableâ€¦ ,0.13636363636363635
#tsla,1022453370211196928,2018-07-26 12:07:34, _Padival I think #TSLA competition is playing extremely conservative in the EV market.  Most have desâ€¦ ,0.1875
#tsla,1022451644339040256,2018-07-26 12:00:42,Queremos saber q opinan de la #palabradeGuru #Elon #tsla #SpaceX ,0.0
#tsla,1022450491731656708,2018-07-26 11:56:08,RealAlexJones RT libertytarian: WAR on CARS: Trump Fires Back Against Soft Ban of Internal Combustion Engines (andâ€¦ ,0.03333333333333333
#tsla,1022447007460409345,2018-07-26 11:42:17,"RT libertytarian: WAR on CARS: Trump Fires Back Against Soft Ban of Internal Combustion Engines (and with it, afforâ€¦ ",0.03333333333333333
#tsla,1022446962174570500,2018-07-26 11:42:06, Wow ! Was reading tweets history of these folks... theyâ€™re dedicating at bashing #TSLA all day long since ever,0.0375
#tsla,1022445662531710982,2018-07-26 11:36:56,"TSLA 308 $ #forex #tsla #ADSS UAE #1
#RK ",0.0
#tsla,1022442692347875328,2018-07-26 11:25:08,"Are you Bullish or Bearish on #TeslağŸš—?

1 - 15x Leverage âœ…

â–¶ï¸  â—€ï¸

Register Now &amp; go LongğŸ“ˆâ€¦ ",0.0
#tsla,1022438795575259136,2018-07-26 11:09:39,RealAlexJones RT: RT libertytarian: WAR on CARS: Trump Fires Back Against Soft Ban of Internal Combustion Engines (â€¦ ,0.03333333333333333
#tsla,1022425078808682503,2018-07-26 10:15:09,"Did you know that you can get paid #Bitcoin dividends
for holding your #Stocks position?

1 - 15x Leverage âœ…

â–¶ï¸â€¦ ",0.0
#tsla,1022407008098631680,2018-07-26 09:03:20,"WAR on CARS: Trump Fires Back Against Soft Ban of Internal Combustion Engines (and with it, affordable private carsâ€¦ ",0.025
#tsla,1022397096899608576,2018-07-26 08:23:57,I have just been convinced that #Tesla  #TSLA is a short.....,0.0
#tsla,1022385191573233664,2018-07-26 07:36:39,I wonder how many new orders $TSLA gets after the mass mailing the entire I database... feels like a panic action tâ€¦ ,0.18409090909090908
#tsla,1022375933104320512,2018-07-26 06:59:51," Oh, go on, Mr C: allow me a brief moment of satisfaction that a small gleam of market rationality hasâ€¦ ",-0.125
#tsla,1022375437001994242,2018-07-26 06:57:53,"#Tesla whistleblower to meet with SEC, attorney says. #TSLA ",-0.1
#tsla,1022363600936153088,2018-07-26 06:10:51, Add #TSLA to that,0.0
#tsla,1022333672647786497,2018-07-26 04:11:56,"Tesla, others help Puerto Ricans go solar amid power turmoil $TSLA #TSLA #Hurricanes #Tropicalcyclonesâ€¦ ",0.0
#tsla,1022333658563338240,2018-07-26 04:11:52,"Tesla, others help Puerto Ricans go solar amid power turmoil $TSLA #TSLA #Hurricanes #Tropicalcyclonesâ€¦ ",0.0
#tsla,1022330123582767104,2018-07-26 03:57:50,"Amazing.  Truth doesn't matter. Sad...
#fb #tsla ",0.050000000000000044
#tsla,1022321951661064193,2018-07-26 03:25:21,Following #tsla fintwit is like watching MMA &amp; following  as my friend  says is like watching a cocâ€¦ ,0.0
#tsla,1022320041935732736,2018-07-26 03:17:46,  SCIENTIFIC LOGIC ONLY PLEASE! What if that mediocre babycorn dick was sittin next to a bigâ€¦ ,-0.16666666666666666
#tsla,1022318867123585026,2018-07-26 03:13:06,The funny think about  freaking out about criticism is 99% of news on him is super positive. Its a tiny %â€¦ ,0.20265151515151514
#tsla,1022309851911909378,2018-07-26 02:37:16,"ğŸ‘€ Great BlackBox alert on $TSLA today, a #Team_BlackBox favorite! #TSLA #trading #OptionsTrading #stocksâ€¦ ",0.7125
#tsla,1022304301589385216,2018-07-26 02:15:13,"Check July 25, 2018 at 10:15PM, Still Looking for #ALPHA ? Make $10 in BitCoin  #roku #gproâ€¦ ",0.0
#tsla,1022298350933032960,2018-07-26 01:51:34, to think that Montana Skeptic was presenting a bear case for #tsla because his employer was long somâ€¦ ,-0.05
#tsla,1022296109534916608,2018-07-26 01:42:40,The Big Five FAANG Stock and Sector Service is now posted for Wednesday  ,0.0
#tsla,1022290625289277440,2018-07-26 01:20:52,  _RX Notre ami  est le roi du short sur #Tsla ğŸ˜‰,0.0
#tsla,1022284578482991104,2018-07-26 00:56:51,4 hour charts for the Group 3 instruments are available for members viewing @ the site  ,0.4
#tsla,1022281060594446336,2018-07-26 00:42:52,Really hoping our future daughter likes  as much as we do! #TSLA #Model3 #Tesla ,0.15
#tsla,1022271930555097088,2018-07-26 00:06:35,"#ElonMusk sets the #Tesla rumor mill straight, especially against #TeslaModel3 haters. 

#TSLA #TeslaMotorsâ€¦ ",0.1
#tsla,1022260927981334529,2018-07-25 23:22:52," even more obvious is #tsla. yet, few people are paying attention. problem is, people only worry abouâ€¦ ",0.075
#tsla,1022260898390405120,2018-07-25 23:22:45, . owners paying price for poor service in #Norway. #TSLA &amp; #Norway #Government need to addressâ€¦ ,-0.4
#tsla,1022252181326622720,2018-07-25 22:48:07," youÂ´re right, but only because #fb is falling 2 #tsla, lol",0.36190476190476195
#tsla,1022249317980151809,2018-07-25 22:36:44,The logical conclusion from the facebook drop has to be buy #tsla right?,0.26785714285714285
#tsla,1022246025724080128,2018-07-25 22:23:39,#FB sinking .. #AAPL and  #TSLA  the next?,0.0
#tsla,1022245390127484928,2018-07-25 22:21:08,"ğŸ´ó §ó ¢ó ¥ó ®ó §ó ¿ English Source of 100% Fixed Matches ğŸ´ó §ó ¢ó ¥ó ®ó §ó ¿

ğŸ’¥â‚¬150.00 SPECIALğŸ’¥

ğŸ‘‰Telegram Link :  ",0.05
#tsla,1022240346527490050,2018-07-25 22:01:05,"$TSLA PUSHES THROUGH 100-DAY MOVING AVERAGE: 
Sentiment: Very bullish #TSLA #Tesla",0.02500000000000001
#tsla,1022239452221988864,2018-07-25 21:57:32,"ğŸ´ó §ó ¢ó ¥ó ®ó §ó ¿ English Source of 100% Fixed Matches ğŸ´ó §ó ¢ó ¥ó ®ó §ó ¿

ğŸ’¥â‚¬150.00 SPECIALğŸ’¥

ğŸ‘‰Telegram Link :  ",0.05
#tsla,1022238836800114688,2018-07-25 21:55:05,"ğŸ´ó §ó ¢ó ¥ó ®ó §ó ¿ English Source of 100% Fixed Matches ğŸ´ó §ó ¢ó ¥ó ®ó §ó ¿

ğŸ’¥â‚¬150.00 SPECIALğŸ’¥

ğŸ‘‰Telegram Link :  ",0.05
#tsla,1022234082581856256,2018-07-25 21:36:12,"There are over 30 Model 3s getting ready to go to new homes around Kansas City, Missouri! #tesla #tsla #model3 ",0.18522727272727274
#tsla,1022230020645945350,2018-07-25 21:20:03,"Testing energy consumption of the Tesla Model X 100D @ 110 km/h:   ğŸ˜ƒâš¡ï¸
#tesla #ModelXâ€¦ ",0.0
#tsla,1022226675671621632,2018-07-25 21:06:46,"Good. 

CleanTechnica: #Tesla Shorts Are Scared, Exposed, &amp; Desperate â€” Memo To Media: Donâ€™t Be Duped 


#TSLA #EV",0.04999999999999999
#tsla,1022224348147376129,2018-07-25 20:57:31, Short #tsla,0.0
#tsla,1022216449438437376,2018-07-25 20:26:08,"Did you know that you can get paid #Bitcoin dividends
for holding your #Stocks position?

1 - 15x Leverage âœ…

â–¶ï¸â€¦ ",0.0
#tsla,1022216128330776576,2018-07-25 20:24:51,Tesla Model 3.. Midnight Silver Metallic or Pearl White? Decisions decisions!! #tsla #model3 #TeslaModel3,0.0
#tsla,1022214803425820678,2018-07-25 20:19:35,Bullish #tsla ,0.0
#tsla,1022210197857566720,2018-07-25 20:01:17,Notable exceptions: #TSLA #NFLX ,0.5
#tsla,1022207269725847552,2018-07-25 19:49:39,TSLA - #TSLA chart ,0.0
#tsla,1022201856343326721,2018-07-25 19:28:08,"Are you Bullish or Bearish on #TeslağŸš—?

1 - 15x Leverage âœ…

â–¶ï¸  â—€ï¸

Register Now &amp; go LongğŸ“ˆâ€¦ ",0.0
#tsla,1022201497386450945,2018-07-25 19:26:43,        â€¦ ,0.0
#tsla,1022198533544402944,2018-07-25 19:14:56,"On point:  #TSLA except media interface is sub par.  
Free #Supercharging #ModelS  #ModelX ",0.4
#tsla,1022194748935688192,2018-07-25 18:59:54,"Scratch that, looks like this is the sell zone and 292 buy zone - #TSLA chart ",0.0
#tsla,1022188845671084033,2018-07-25 18:36:26,   Right... cause R&amp;D spend to top line revenue growth would in know way be a gerâ€¦ ,0.39285714285714285
#tsla,1022187970407714816,2018-07-25 18:32:58,Going above resistance and now back in the gap - #TSLA chart ,0.0
#tsla,1022177304208977921,2018-07-25 17:50:35,#TSLA ,0.0
#tsla,1022176214067240960,2018-07-25 17:46:15," Elon, really?     Don't you have better things to be doing than harassing and threâ€¦ ",0.35
#tsla,1022174738859401218,2018-07-25 17:40:23,   Mark Cuban says diversification is for idiots. All in #TSLA,-0.8
#tsla,1022174472068100098,2018-07-25 17:39:19,      #parkinglottruther #TSLA,0.0
#tsla,1022171360859238402,2018-07-25 17:26:58, The whole damn thing is suspicious.  Only thing I can think of is  has so many government ofâ€¦ ,0.2333333333333333
#tsla,1022169654733824000,2018-07-25 17:20:11,The Group 3 Live Analysis / Trading Room video recording is available for members @ the siteâ€¦ ,0.2681818181818182
#tsla,1022168873406214146,2018-07-25 17:17:05,"Did you know that you can use #Bitcoin to trade #Stocks?

1 - 15x Leverage âœ…

â–¶ï¸  â—€ï¸

Registâ€¦ ",0.0
#tsla,1022168253668446208,2018-07-25 17:14:37,"$TSLA Held support, looks good ER in Aug #TSLA $SPY ",0.7
#tsla,1022162359010381825,2018-07-25 16:51:11,"#TSLA just cant break through this 5K level.... paint shop, paint shop, paint shop.

Has anyone out there done anyâ€¦ ",0.0
#tsla,1022150387497885696,2018-07-25 16:03:37,    These people think they have no records. He's taken the avatarâ€¦ ,0.0
#tsla,1022146793058983936,2018-07-25 15:49:20,"$Study - despite bad press, selling isn't picking up in $TSLA - - #TSLA chart ",-0.6999999999999998
#tsla,1022134475751337985,2018-07-25 15:00:24,#Transports are bouncing is this the reason for #TSLA bounce?,0.0
#tsla,1022133858702123008,2018-07-25 14:57:56," how do we know you arenâ€™t a shorty double agent, planted here to make the public think all #tsla buâ€¦ ",0.0
#tsla,1022131336427917313,2018-07-25 14:47:55,"TSLA Bull: Top Nomura analyst Romit Shah, $450 PT ""We expect improving fundamentals in Q3, consisting of a step-funâ€¦ ",0.5
#tsla,1022126605265657857,2018-07-25 14:29:07,"ğŸ´ó §ó ¢ó ¥ó ®ó §ó ¿ English Source of 100% Fixed Matches ğŸ´ó §ó ¢ó ¥ó ®ó §ó ¿

ğŸ’¥â‚¬150.00 SPECIALğŸ’¥

ğŸ‘‰Telegram Link :  ",0.05
#tsla,1022124943000170497,2018-07-25 14:22:31,"Hearing  and â€™s unreleased Steve Jobs interview about the App Store, â€œThe App Store is to iPhoneâ€¦ ",0.0
#tsla,1022119732537950208,2018-07-25 14:01:48,"RT InOrbisCorp ""#wednesdaywisdom 

#cars #electricvehicle #zeroemission #tsla #sustainabletravel #sustainableâ€¦ ",0.0
#tsla,1022119470486183936,2018-07-25 14:00:46,"#wednesdaywisdom 

#cars #electricvehicle #zeroemission #tsla #sustainabletravel #sustainable #travel #yycâ€¦ ",0.0
#tsla,1022112176889364483,2018-07-25 13:31:47, Looks like #TSLA shortsville,0.0
#tsla,1022107235185516544,2018-07-25 13:12:09,"Did you know that you can use #Bitcoin to trade #Stocks?

1 - 15x Leverage âœ…

â–¶ï¸  â—€ï¸

Registâ€¦ ",0.0
#tsla,1022102159939330050,2018-07-25 12:51:59,"Breaking! Something positive on #Tesla #tsla #TeslaX
 forget S and #Model3 
",0.22727272727272727
#tsla,1022097382111096833,2018-07-25 12:33:00,_but_works Ğ¡ĞµĞ¹Ñ‡Ğ°Ñ Ğ² ÑĞ»ĞµĞ´ Ğ·Ğ° Ğ°Ğ²Ñ‚Ğ¾Ğ¸Ğ½Ğ´ÑƒÑÑ‚Ñ€Ğ¸ĞµĞ¹ #TSLA Ğ½Ğ°Ñ‡Ğ½ÑƒÑ‚ÑŒ Ğ´Ğ°Ğ²Ğ¸Ñ‚ÑŒ ĞµÑ‰Ğµ Ğ½Ğ¸Ğ¶Ğµ.,0.0
#tsla,1022094783731265536,2018-07-25 12:22:40," except USA Wallstreet traders,  fund managers there is absolutely no one in the world who wants #TSLA, thâ€¦ ",0.05
#tsla,1022094141801619456,2018-07-25 12:20:07,Group 3 Live Analysis &amp; Trading Session Starts @ 8:45 AM EDT / 12:45 PM GMT /1:45 PM BST; Members link is availableâ€¦ ,0.13636363636363635
#tsla,1022063200446148611,2018-07-25 10:17:10,"Are you Bullish or Bearish on #TeslağŸš—?

1 - 15x Leverage âœ…

â–¶ï¸  â—€ï¸

Register Now &amp; go LongğŸ“ˆâ€¦ ",0.0
#tsla,1022060658798551040,2018-07-25 10:07:04,"Did you know that you can get paid #Bitcoin dividends
for holding your #Stocks position?

1 - 15x Leverage âœ…

â–¶ï¸â€¦ ",0.0
#tsla,1022059968541929473,2018-07-25 10:04:20,  everyone who challenges someone is quickly called a TROLL nowadays...and in this case itâ€¦ ,0.3333333333333333
#tsla,1022029917905723395,2018-07-25 08:04:55,As long time fraud investigators and financial analysts we are appalled at the treatment of MontanaSkeptic. If therâ€¦ ,-0.2833333333333334
#tsla,1022025745529544707,2018-07-25 07:48:20,"#tsla
Ù„Ù…Ø­Ø¨ÙŠ ØªØ³Ù„Ø§ Ø§ØªÙˆÙ‚Ø¹ Ø§Ù„Ø³Ù‡Ù… Ø³ÙŠØªÙ… ØªØ¯Ø§ÙˆÙ„Ù‡ Ø¹Ø±Ø¶ÙŠ Ø«Ù… ÙŠØ°Ù‡Ø¨ Ø§Ù„Ù‰ 360 ÙƒÙ…Ø§ Ø§Ø®Ø¨Ø±Ù†Ø§ Ø³Ø§Ø¨Ù‚Ø§ ",0.0
#tsla,1022019967812808704,2018-07-25 07:25:23, does motor trend only give car of the year to American brands or american owned brands? no wonder this arâ€¦ ,0.0
#tsla,1022019172824506369,2018-07-25 07:22:13,Norwegians Quietly Revolt Against #Tesla #tsla ,0.0
#tsla,1022003623612620803,2018-07-25 06:20:26, Need to watch chop box to see if hold support Breakout or Breakdown #TSLA had some bad news not sure if real or fake news,-0.5666666666666665
#tsla,1021986992299671554,2018-07-25 05:14:21,#TSLA Hovering near its lowest level in 4 years. #Stocks ,0.1
#tsla,1021986922883940352,2018-07-25 05:14:04,"It's all a matter of perspective...
I've only been following $tsla actively for a month, but its quite the battlegrâ€¦ ",-0.044444444444444446
#tsla,1021965748703440896,2018-07-25 03:49:56,4)A random call from the psych ward to buy #TSLA stock. I knew the top was in at that point.,0.0
#tsla,1021963819780722688,2018-07-25 03:42:16,1)My favorite Tesla memory is when a young man who had never before invested or owned a stock called me panicking aâ€¦ ,0.3
#tsla,1021960124963774469,2018-07-25 03:27:35,"The more I read about: gross margins, prod/cap issues, order cancellations, cost/rev structure, future of subsidiesâ€¦ ",0.16666666666666666
#tsla,1021952083098918913,2018-07-25 02:55:38,"So, now Elon Muskrat is now hiring lawyers from Florida to call and try to intimidate short sellers of his failingâ€¦ ",0.0
#tsla,1021948404405022722,2018-07-25 02:41:01,"#Tesla in eye of the storm, surrounded by lawsuits, lies, defenders etc. In short words,  #TSLA dropped 2.75% ",0.0
#tsla,1021943495450185728,2018-07-25 02:21:30,#TSLA ã¯è‹¦æˆ¦ãŒç¶šã„ã¦ã„ã¾ã™ã€‚ ,0.0
#tsla,1021943154184843264,2018-07-25 02:20:09,"#NFLX , #AMZN , #FB , #GOOG , #MSFT , #AAPL , #NVDA , #TSLA ã®æ ªä¾¡æ¨ç§»ã§ã™ã€‚#TSLA ã‚’é™¤ã„ã¦å¹´åˆã®æ ªä¾¡ã‚’ä¸Šå›ã£ã¦ã„ã¾ã™ã€‚ ",0.0
#tsla,1021941942832308224,2018-07-25 02:15:20,"Check July 24, 2018 at 10:15PM, Still Looking for #ALPHA ? Make $10 in BitCoin  #roku #gproâ€¦ ",0.0
#tsla,1021938640274874369,2018-07-25 02:02:13,"ğŸ´ó §ó ¢ó ¥ó ®ó §ó ¿ English Source of 100% Fixed Matches ğŸ´ó §ó ¢ó ¥ó ®ó §ó ¿

ğŸ’¥â‚¬150.00 SPECIALğŸ’¥

ğŸ‘‰Telegram Link :  ",0.05
#tsla,1021936951476117504,2018-07-25 01:55:30," There is not one piece of evidence above that isn't grasping at straws.
Not one. There are plenty oâ€¦ ",0.0
#tsla,1021921274946310144,2018-07-25 00:53:12,When silencing critics backfires. The few thousand followers that Montana Skeptic had pale into insignificance whenâ€¦ ,-0.20500000000000002
#tsla,1021919647430594560,2018-07-25 00:46:44, Birds of a feather: Montana Skeptics friend and fellow noted #tsla critic is Mark Spiegel. He seems toâ€¦ ,0.0
#tsla,1021918496433864704,2018-07-25 00:42:10,1 hour post market charts for the Group 3 instruments are available for members viewing @ the siteâ€¦ ,0.4
#tsla,1021918373951823873,2018-07-25 00:41:41,4 hour charts for the Group 3 instruments are available for members viewing @ the site  ,0.4
#tsla,1021917664715923456,2018-07-25 00:38:52," So does this mean Elon Musk will not be the new Iron Man? ğŸ¤ª
#TSLA",-0.08806818181818182
#tsla,1021903013735276544,2018-07-24 23:40:39,"Wow one of my favorite radio/podcast personalities  did a whole episode of #MakeMeSmart on #Tesla, #TSLA.â€¦ ",0.26666666666666666
#tsla,1021902497705680896,2018-07-24 23:38:36,Good update on #Tsla $tsla haters and what is going on ,0.7
#tsla,1021890269191405568,2018-07-24 22:50:00,#TSLA - HOMBRO-CABEZA-HOMBRO - ,0.0
#tsla,1021890229592973312,2018-07-24 22:49:51, If only he spend time actually running his company... but like all ponziâ€™ you need more suckers #tsla #elonmusk #fraud,0.05
#tsla,1021878437596852225,2018-07-24 22:02:59,#tsla #tslaq ,0.0
#tsla,1021877190886080512,2018-07-24 21:58:02,"_Padival   HA, so sad S Padival blocked me.
Of course I could just log off twitter toâ€¦ ",-0.5
#tsla,1021867236875751424,2018-07-24 21:18:29,"$TSLA Got chop - non-stop!  ğŸ¤” Oh! Chop, chop, chop. Near chop support!  Hold don't fold, I like Musk! My boy! Yah,Yâ€¦ ",0.1953125
#tsla,1021861131105828864,2018-07-24 20:54:13,   Curious if you tried to refuse delivery? Have you tried escalating within your accountâ€¦ ,-0.1
#tsla,1021860845725380608,2018-07-24 20:53:05," say he ""socialist"", now shows what every socialist/communist/liberal really about. No free speech criticiâ€¦ ",0.0
#tsla,1021858833524830208,2018-07-24 20:45:05,"$TSLA CLOSES WITHIN PRIOR DAY'S RANGE: 
Sentiment: Neutral #TSLA #Tesla",0.0
#tsla,1021854437936119808,2018-07-24 20:27:37,"AKA â€œDaimler survives on government handoutâ€
JK but if #TSLA had that deal the headlines would be different ",0.0
#tsla,1021853920539369472,2018-07-24 20:25:34,"Dear Lord. So we're long various fossil fuel related equities &amp; short #tsla. That makes for a ""case"" WTF? Wellâ€¦ ",-0.11000000000000001
#tsla,1021852147594485760,2018-07-24 20:18:31,$PYPL $MA $GSKY $SQ $AMD #TSLA #StayWokeğŸŒˆ ,0.0
#tsla,1021850037616164864,2018-07-24 20:10:08,"Did you know that you can get paid #Bitcoin dividends
for holding your #Stocks position?

1 - 15x Leverage âœ…

â–¶ï¸â€¦ ",0.0
#tsla,1021847637933338624,2018-07-24 20:00:36,#TSLA ,0.0
#tsla,1021847302514913282,2018-07-24 19:59:16,"Best articles from last week (My last link had some errors)



#TSLA #sabbath #psychology",0.3333333333333333
#tsla,1021844088629415937,2018-07-24 19:46:30,#TSLA ,0.0
#tsla,1021840560955449345,2018-07-24 19:32:29,Seems like a prudent use of the limited capital available to #TSLA ,0.1642857142857143
#tsla,1021835438573674497,2018-07-24 19:12:07,"Are you Bullish or Bearish on #TeslağŸš—?

1 - 15x Leverage âœ…

â–¶ï¸  â—€ï¸

Register Now &amp; go LongğŸ“ˆâ€¦ ",0.0
#tsla,1021817650152960000,2018-07-24 18:01:26,"RT InOrbisCorp ""Tuesday Tesla News: Behind all the Tesla drama, the cars themselves are thrilling drivers:â€¦ ",-0.07500000000000001
#tsla,1021817327963316224,2018-07-24 18:00:10,"Tuesday Tesla News: Behind all the Tesla drama, the cars themselves are thrilling drivers:  ",-0.07500000000000001
#tsla,1021813928689639425,2018-07-24 17:46:39," Time for SNB to buy #TSLA corporate bonds asap. 
They buy everything so why not...",0.0
#tsla,1021807490068041735,2018-07-24 17:21:04,"Did you know that you can use #Bitcoin to trade #Stocks?

1 - 15x Leverage âœ…

â–¶ï¸  â—€ï¸

Registâ€¦ ",0.0
#tsla,1021807266893361152,2018-07-24 17:20:11,The Group 3 Live Analysis / Trading Room video recording is available for members @ the siteâ€¦ ,0.2681818181818182
#tsla,1021805517289734144,2018-07-24 17:13:14,Paper trading #TSLA Will get into stocks soon. Someone teach me how to roll over this Cap plan into an acct where Iâ€¦ ,0.0
#tsla,1021803105162162176,2018-07-24 17:03:39,TSLA - #TSLA chart ,0.0
#tsla,1021801491210928130,2018-07-24 16:57:14,Is history about to repeat itself? #Telsa #charts #TSLA #TSLAQ #ShortBurn #ShortSqueeze ,0.0
#tsla,1021800375018504192,2018-07-24 16:52:48,"These charts are NOT getting any prettier
#MSFT #NFLX #AAPL #RUT #SPX #TSLA #AMZN #TRAN ",0.0
#tsla,1021798317183909893,2018-07-24 16:44:37,#TSLA was only possible thanks to Monetary Policy which created artificial subsidies paid for with Government Debtâ€¦ ,-0.09999999999999999
#tsla,1021791132819177472,2018-07-24 16:16:04, Cost reduction includes bargaining with suppliers normally means #tsla is better placed &amp; share price mâ€¦ ,0.325
#tsla,1021785532014182400,2018-07-24 15:53:49,#MSFT #NFLX #TSLA are all red on the day,0.0
#tsla,1021782751543009280,2018-07-24 15:42:46,be interesting to see if the #TSLA true believers can close it &gt; 300 today,0.425
#tsla,1021775300739440642,2018-07-24 15:13:10,#TSLA Shares Down 4% as #ElonMusk Begs Suppliers for Cash  ,-0.15555555555555559
#tsla,1021775223270662145,2018-07-24 15:12:51,"That's what makes a market.  However, I am with the shorts on #TSLA. #TSLA longs remind me of noob retail traders tâ€¦ ",0.0
#tsla,1021764138878558209,2018-07-24 14:28:48,$TSLA hearing head of sales is leaving company (unconfirmed) #TSLA ,0.0
#tsla,1021763949384146944,2018-07-24 14:28:03,"Inefficient markets still exist, especially in the #lithium space. Tesla stumbles and #ALB #SQM drop 4%?? Reality iâ€¦ ",0.0
#tsla,1021756091858735106,2018-07-24 13:56:50,Buying Tesla shares - #TSLA chart ,0.0
#tsla,1021755331230289920,2018-07-24 13:53:48, #TSLA #TSLAQ ,0.0
#tsla,1021745893513588736,2018-07-24 13:16:18,Who ever says that #Tesla is an auto company is flat out wrong! Tesla Powerpack in Samoa  ,-0.325
#tsla,1021745484170444800,2018-07-24 13:14:41,TSLA Bull: Top Baird analyst Ben Kallo says TSLA weakness buying opportunity. Sees 35% upside. Price reductions norâ€¦ ,0.5
#tsla,1021744135911493632,2018-07-24 13:09:19,How much will a Model S drop due to boycotts protesting E Musk supporting the GOP? #TSLA $TSLA,0.10833333333333334
#tsla,1021738483466088448,2018-07-24 12:46:52,Discover what $TSLA stock will do now that Elon Musk struggles to meet production goals and sustain the company's pâ€¦ ,0.0
#tsla,1021737252261646337,2018-07-24 12:41:58,"So, Wall Street,  sends a â€œmemoâ€ to his supplier from  asking for more money, and you obtain it throâ€¦ ",0.5
#tsla,1021731756553261056,2018-07-24 12:20:08,Group 3 Live Analysis &amp; Trading Session Starts @ 8:45 AM EDT / 12:45 PM GMT /1:45 PM BST; Members link is availableâ€¦ ,0.13636363636363635
#tsla,1021730260004548608,2018-07-24 12:14:11,"Did you know that you can use #Bitcoin to trade #Stocks?

1 - 15x Leverage âœ…

â–¶ï¸  â—€ï¸

Registâ€¦ ",0.0
#tsla,1021722812338384896,2018-07-24 11:44:35,#TSLA is my #BTC,0.0
#tsla,1021715280500686852,2018-07-24 11:14:40,   There would be a lot of Lefty-types who would be VERY keen to root for theâ€¦ ,0.2
#tsla,1021701846010920962,2018-07-24 10:21:17,"Retweeted Teslectrics ():

I just drove the Tesla Model 3 and it changes everything â€” the entire worldâ€¦ ",0.0
#tsla,1021698054234300422,2018-07-24 10:06:13,"Are you Bullish or Bearish on #TeslağŸš—?

1 - 15x Leverage âœ…

â–¶ï¸  â—€ï¸

Register Now &amp; go LongğŸ“ˆâ€¦ ",0.0
#tsla,1021685695704965120,2018-07-24 09:17:06,"Did you know that you can get paid #Bitcoin dividends
for holding your #Stocks position?

1 - 15x Leverage âœ…

â–¶ï¸â€¦ ",0.0
#tsla,1021656044127354881,2018-07-24 07:19:17,"Top Consumer Edge analyst James Albertine reiterates TSLA Buy rating: ""We're optimistic."" Sees a path to profitabilâ€¦ ",0.5
#tsla,1021655785246482432,2018-07-24 07:18:15,Can we please pump ETherium to $2000 b4 we kill it? I need cash to buy more #TSLA . Thanx,0.5
#tsla,1021622547438284800,2018-07-24 05:06:10,Ionity in Europe is adding fast chargers in Denmark and Switzerland. This is what their EU Map looks like. The secoâ€¦ ,0.2
#tsla,1021606756932308993,2018-07-24 04:03:26,#TSLA is everybody's poster child so a default can't happen #goodluck. ,0.0
#tsla,1021603357700444161,2018-07-24 03:49:55,"â€œThat is explained, however, by the illiquid state of Tesla's CDS, which have had only one trader, Edward Koo at JPâ€¦ ",0.0
#tsla,1021597031356395520,2018-07-24 03:24:47,That's the best you can do? Abusive people tend to point out syntax errors on Twitter when they don't have valid poâ€¦ ,1.0
#tsla,1021584797829931008,2018-07-24 02:36:10, Easily THE most fascinating real time study in behavioural psychology I've witnessed in my career. #tslaâ€¦ ,0.4583333333333333
#tsla,1021582729375182848,2018-07-24 02:27:57,This is PRECISELY what makes  one of the most important companies out there. #EVsAreBetter #TSLA ,0.43333333333333335
#tsla,1021579501652910080,2018-07-24 02:15:07,"Check July 23, 2018 at 10:15PM, Still Looking for #ALPHA ? Make $10 in BitCoin  #roku #gproâ€¦ ",0.0
#tsla,1021563006583562246,2018-07-24 01:09:35,  Years ago I thought that short on #aapl was the worst .... Tesla is even worst. Made money cumuâ€¦ ,-0.6666666666666666
#tsla,1021551123084103680,2018-07-24 00:22:21,"Hey Elan, can we get a new Tesla in the pipeline thatâ€™l fly to outer space or sumpin like dat? #TSLA",0.4681818181818182
#tsla,1021539729106382848,2018-07-23 23:37:05, Do you have any proof of these or are you that short #TSLA  that youâ€™re spreading this in hope of tanking the stock lol,0.4
#tsla,1021532200737693698,2018-07-23 23:07:10,#tsla Down 16% since this comment. ,-0.15555555555555559
#tsla,1021528795701026816,2018-07-23 22:53:38,Can not wait for the next  podcast ğŸ™ˆğŸ™ˆğŸ™ˆğŸ™ˆ #TSLA surely!,0.3125
#tsla,1021528642990395392,2018-07-23 22:53:02, Are the financial statements BS? #TSLA,0.0
#tsla,1021526530370023424,2018-07-23 22:44:38,"Will Geopolitical Brinksmanship Stop the Markets?
#FeaturedPosts #Financial #GOOGL #NFLX #TSLA #China #Iranâ€¦ ",0.0
#tsla,1021525788577996800,2018-07-23 22:41:41,I understand Waymo has no revenue &amp; still Waymo is in the lead. Nobody asked Gene about #tsla.  :) ,0.5
#tsla,1021513150435274752,2018-07-23 21:51:28,"POLL: 
IF , in a position of power, contacted the employer of anonymous  user  &amp; reâ€¦ ",0.0
#tsla,1021511078495236103,2018-07-23 21:43:14, Only I hold no position in $TSLA... Iâ€™m just tired of people like you spreading outright lies in order tâ€¦ ,-0.2
#tsla,1021510148156809217,2018-07-23 21:39:32,"""It says so in the memo..."" #TSLA",0.0
#tsla,1021507448136454144,2018-07-23 21:28:48,"#TSLA  Have investors finally ""thrown in the towel?"" #Stocks ",0.0
#tsla,1021502364111515648,2018-07-23 21:08:36,I bet Elon tweeted that shit so he could buy back all his stocks for a deal #TSLA,-0.1
#tsla,1021500732627931141,2018-07-23 21:02:07,I just drove the Tesla Model 3 and it changes everything â€” the entire world will want this carâ€¦ ,0.0
#tsla,1021496901915631616,2018-07-23 20:46:54,"   I support your pro #TSLA efforts and everything, but dude, ridiculous sampling bias",-0.3333333333333333
#tsla,1021491665675198469,2018-07-23 20:26:06,"Did you know that you can get paid #Bitcoin dividends
for holding your #Stocks position?

1 - 15x Leverage âœ…

â–¶ï¸â€¦ ",0.0
#tsla,1021489991002800134,2018-07-23 20:19:26,"$TSLA CLOSES LOWER FOR THE 3RD DAY IN A ROW: 
Sentiment: Neutral #TSLA #Tesla",0.0
#tsla,1021489375186771973,2018-07-23 20:17:00,Tesla #tsla short overcrowded and boring. Chart not nearly overextended as some Fang stocks #amzn #nflx.  Guess wheâ€¦ ,-0.35000000000000003
#tsla,1021488940707184645,2018-07-23 20:15:16, Gravity. It excerpts itself on everything including #tsla absurd valuation.,-0.5
#tsla,1021487812170973185,2018-07-23 20:10:47,So it looks like we're moving on from drug fuelled twitter rants from  to threatening twitter users via their boss. #tsla,0.0
#tsla,1021482633476431873,2018-07-23 19:50:12,Tesla problems hit the shares of SQM  $SQM #SQM $TSLA #TSLA $LIT ,0.0
#tsla,1021482399287463937,2018-07-23 19:49:16,Die #Tesla-Seifenoper gewinnt weiter Fahrt. #TSLA #TSLAQ ,0.0
#tsla,1021478842286919680,2018-07-23 19:35:08,"Are you Bullish or Bearish on #TeslağŸš—?

1 - 15x Leverage âœ…

â–¶ï¸  â—€ï¸

Register Now &amp; go LongğŸ“ˆâ€¦ ",0.0
#tsla,1021478527873499136,2018-07-23 19:33:53,"2018 Tesla Model 3 Performance first drive review: The future, quicker 
#TSLA #TSLAQ $TSLAâ€¦ ",0.125
#tsla,1021471711043231747,2018-07-23 19:06:48,"#TSLA situation getting worse by the day, but imagine this can easily backfire on shorts. Too risky to short hypes and brands.",0.011111111111111108
#tsla,1021468535787225088,2018-07-23 18:54:11,#TSLA #TSLAQ $TSLA $TSLAQ #Tesla ğŸ”ŒğŸ”‹âš¡ï¸ğŸš— ,0.0
#tsla,1021468423497441280,2018-07-23 18:53:44, #TSLA is going to rally ,0.0
#tsla,1021467498468859904,2018-07-23 18:50:04,#TSLA #TSLAQ $TSLA $TSLAQ #Tesla ğŸ”ŒğŸ”‹âš¡ï¸ğŸš— ,0.0
#tsla,1021466160234221569,2018-07-23 18:44:45,#TSLA #TSLAQ $TSLA $TSLAQ #Tesla ğŸ”ŒğŸ”‹âš¡ï¸ğŸš— ,0.0
#tsla,1021465932630249472,2018-07-23 18:43:50,"  Seems shorts are entering panic mode. At the same time, the FUD they've been spreading forâ€¦ ",0.0
#tsla,1021464772854919168,2018-07-23 18:39:14,#TSLA #TSLAQ $TSLA $TSLAQ #Tesla ğŸ”ŒğŸ”‹âš¡ï¸ğŸš— ,0.0
#tsla,1021463232333205506,2018-07-23 18:33:07,   #TSLA shorts ,0.0
#tsla,1021463066867888129,2018-07-23 18:32:27,#TSLA #TSLAQ $TSLA $TSLAQ #Tesla ğŸ”ŒğŸ”‹âš¡ï¸ğŸš— ,0.0
#tsla,1021459348147589122,2018-07-23 18:17:41,"New  statement on suppliers:

â€We asked fewer than 10 suppliers for a reduction...[it] will improve our futurâ€¦ ",0.13636363636363635
#tsla,1021457774834745344,2018-07-23 18:11:25,#TSLA #TSLAQ $TSLA $TSLAQ #Tesla ğŸ”ŒğŸ”‹âš¡ï¸ğŸš— ,0.0
#tsla,1021456892936085505,2018-07-23 18:07:55,#TSLA #ElonMusk going back to suppliers is stranded procurement practice &amp; companies with multi-billion$ supply chaâ€¦ ,0.0
#tsla,1021455197535694848,2018-07-23 18:01:11,Tesla Inc. is down $11.08 (-3.53%) from opening. #TSLA ,-0.15555555555555559
#tsla,1021455043491508225,2018-07-23 18:00:34,#TSLA #TSLAQ $TSLA $TSLAQ #Tesla ğŸ”ŒğŸ”‹âš¡ï¸ğŸš— ,0.0
#tsla,1021454939355312128,2018-07-23 18:00:09,"RT InOrbisCorp ""An ad-supported charging model for electric vehicles: 

#technologyâ€¦ ",0.0
#tsla,1021454912457248768,2018-07-23 18:00:03,"An ad-supported charging model for electric vehicles: 

#technology #automotive #advertisingâ€¦ ",0.0
#tsla,1021454908799815681,2018-07-23 18:00:02,And you should have purchased when shares dropped into the $290s today because they're now back up to $302+ #TSLAâ€¦ ,0.0
#tsla,1021449338009149440,2018-07-23 17:37:54,  I see an interesting pattern emerging #excited #August1st #Tesla #TSLA,0.4375
#tsla,1021444877928796165,2018-07-23 17:20:11,The Group 3 Live Analysis / Trading Room video recording is available for members @ the siteâ€¦ ,0.2681818181818182
#tsla,1021444797993750528,2018-07-23 17:19:52,  Elon tweets: the stock goes down.  Elon tweets: the stock goes up.  Elon tweets: the stockâ€¦ ,-0.15555555555555559
#tsla,1021441856427778051,2018-07-23 17:08:10,"Did you know that you can use #Bitcoin to trade #Stocks?

1 - 15x Leverage âœ…

â–¶ï¸  â—€ï¸

Registâ€¦ ",0.0
#tsla,1021439935595909120,2018-07-23 17:00:32, What is your target price for #TSLA ? Very keen to hear your thoughts,0.2
#tsla,1021437915648360449,2018-07-23 16:52:31,  #TSLA,0.0
#tsla,1021431826361954304,2018-07-23 16:28:19,     V Interesting 2C #TSLA's #Cult following in #USA being miâ€¦ ,0.25
#tsla,1021427458887864320,2018-07-23 16:10:58,#TSLA #TSLAQ $TSLA $TSLAQ #Tesla ğŸ”ŒğŸ”‹âš¡ï¸ğŸš— ,0.0
#tsla,1021425762983800832,2018-07-23 16:04:13,GM and Ford squeeze suppliers for price cuts #TSLA $TSLA $TSLAQ ,0.0
#tsla,1021424325214310400,2018-07-23 15:58:30,#TSLA #TSLAQ $TSLA $TSLAQ #Tesla ğŸ”ŒğŸ”‹âš¡ï¸ğŸš— ,0.0
#tsla,1021423971689009152,2018-07-23 15:57:06,#TSLA #TSLAQ $TSLA $TSLAQ #Tesla ğŸ”ŒğŸ”‹âš¡ï¸ğŸš— ğŸ˜ ,0.0
#tsla,1021422198932852739,2018-07-23 15:50:03,#TSLA #TSLAQ $TSLA $TSLAQ #Tesla ğŸ”ŒğŸ”‹âš¡ï¸ğŸš— #Shortville ,0.0
#tsla,1021421368116736000,2018-07-23 15:46:45,#TSLA #TSLAQ $TSLA $TSLAQ #Tesla ğŸ”ŒğŸ”‹âš¡ï¸ğŸš— ,0.0
#tsla,1021418973152374784,2018-07-23 15:37:14,"_but_works Ğ—Ğ°Ñ‚Ğ¾ Ğ¶ÑƒÑ€Ğ½Ğ°ÑˆĞ»ÑÑ…Ğ¸, Ğ¿Ğ°Ğ½Ğ¸ĞºĞµÑ€Ñ‹ Ğ¸ Ğ´Ñ€ÑƒĞ³Ğ¸Ğµ Ñ…ĞµĞ¹Ñ‚ĞµÑ€Ñ‹ ÑƒĞ¶Ğµ Ğ¿Ñ€Ğ°ĞºÑ‚Ğ¸Ñ‡ĞµÑĞºĞ¸ Ğ¿Ğ¾Ñ…Ğ¾Ñ€Ğ¾Ğ³Ğ¸Ğ»Ğ¸ #TSLA  ĞĞ¾ Ñ Ğ´Ğ¾Ğ¶Ğ´ÑƒÑÑŒ Ñ‚Ğ¾Ğ³Ğ¾ Ğ´Ğ½Ñ,â€¦ ",0.0
#tsla,1021415207413874689,2018-07-23 15:22:17,"I just want to thank all the FUDsters. Picked up some #TSLA @$294. 

I will be trading a small portion of my stockâ€¦ ",-0.25
#tsla,1021414702138601473,2018-07-23 15:20:16, The burned shorts found the fire extinguisher... Your financials! $tsla #tsla #tesla,0.0
#tsla,1021410763553026051,2018-07-23 15:04:37,"Aujourdâ€™hui rÃ©union  sur lâ€™utilisation de kidscode pour rÃ©soudre les problÃ¨mes de handicap dans lâ€™Ã©ducation ğŸ˜ƒ 
avecâ€¦ ",0.0
#tsla,1021407471372554240,2018-07-23 14:51:32,Tesla stock skids on report it asked suppliers for refunds $TSLA #TSLA #Technology #Automobilemanufacturingâ€¦ ,0.0
#tsla,1021407458898694146,2018-07-23 14:51:29,Tesla stock skids on report it asked suppliers for refunds $TSLA #TSLA #Technology #Automobilemanufacturingâ€¦ ,0.0
#tsla,1021406812594196480,2018-07-23 14:48:55,#TSLA #TSLAQ $TSLA $TSLAQ #Tesla ğŸ”ŒğŸ”‹âš¡ï¸ğŸš— ,0.0
#tsla,1021406522126061568,2018-07-23 14:47:46,Ya think? #TSLA ,0.0
#tsla,1021401363039703041,2018-07-23 14:27:16,Supplier contracts may get negotiated at a higher price upfront. Once a preset limit is hit(eg10k) a cashback thenâ€¦ ,0.25
#tsla,1021400026948538369,2018-07-23 14:21:57,Beautiful ğŸ˜­ğŸ¤©â¤ï¸ #tesla #teslas #tsla #teslamotors #teslamodels #teslamodelx #teslamodel3 #teslaroadsterâ€¦ ,0.85
#tsla,1021397017984000000,2018-07-23 14:10:00,TSLA - #TSLA chart ,0.0
#tsla,1021395999066075136,2018-07-23 14:05:57,I am scared to even put #TSLA on my quote board it is such bad luck. ,-0.3499999999999999
#tsla,1021393361217847296,2018-07-23 13:55:28,More to come.. at least 250$ of more downside  #TSLA = #THERANOS ,0.2333333333333333
#tsla,1021391388481662976,2018-07-23 13:47:38,_and_steel   $TSLA #TSLA  as a matter of fact I do.  Do you know anything about gameâ€¦ ,0.0
#tsla,1021391006128836608,2018-07-23 13:46:07,#TSLA $TSLA ,0.0
#tsla,1021390827321462784,2018-07-23 13:45:24,$TSLA #TSLA what our #subscribers of the #strategic #newsletter received on June 11th #trading2day #sample ,0.0
#tsla,1021389654568898560,2018-07-23 13:40:44,Whaaat? #TSLA #tslaq ,0.0
#tsla,1021388638096109568,2018-07-23 13:36:42,#TSLA back at $295 support.,0.0
#tsla,1021386471729762304,2018-07-23 13:28:05,Watching these guys react to this car was awesome! They were super excited when they got out! #Model3 #TSLA #Tesla ,0.6006944444444444
#tsla,1021380305389793280,2018-07-23 13:03:35,Hot Stocks To Watch 7/23/2018  #economiccalendar #has #qqq #spy #tsla ,0.25
#tsla,1021380206861447173,2018-07-23 13:03:12,"Did you know that you can use #Bitcoin to trade #Stocks?

1 - 15x Leverage âœ…

â–¶ï¸  â—€ï¸

Registâ€¦ ",0.0
#tsla,1021380200133812225,2018-07-23 13:03:10,Hot Stocks To Watch 7/23/2018  #economiccalendar #has #qqq #spy #tsla ,0.25
#tsla,1021380046534176768,2018-07-23 13:02:34,Hot Stocks To Watch 7/23/2018  #economiccalendar #has #qqq #spy #tsla ,0.25
#tsla,1021380035268300800,2018-07-23 13:02:31,Hot Stocks To Watch 7/23/2018  #economiccalendar #has #qqq #spy #tsla ,0.25
#tsla,1021377132692267009,2018-07-23 12:50:59, hv you thought about running the earnings call nflx model? Video calls with select analysts on both sideâ€¦ ,0.0
#tsla,1021375706788483072,2018-07-23 12:45:19,#TSLA Keep an eye on $274 as the lowest low of the past 40 days. Probing under $300 in the pre-market #40in20out ,-0.125
#tsla,1021375530644398080,2018-07-23 12:44:37,Would like to see list of biggest #tsla short position holders and dates when positions were established.,0.0
#tsla,1021375213123002368,2018-07-23 12:43:21,Appalled at the coordinated attack on #tesla  buy major media outlets like #wsj n investment banks. Looks likeâ€¦ ,-0.36875
#tsla,1021373962583007232,2018-07-23 12:38:23,#TSLA #TSLAQ $TSLA $TSLAQ #Tesla ğŸ”ŒğŸ”‹âš¡ï¸ğŸš— ğŸ“ˆ ,0.0
#tsla,1021369807432835073,2018-07-23 12:21:52,"     _EvidenceB Bonjour Christophe, et merci !
On va nÃ©cessairement pâ€¦ ",0.0
#tsla,1021369370033913856,2018-07-23 12:20:08,Group 3 Live Analysis &amp; Trading Session Starts @ 8:45 AM EDT / 12:45 PM GMT /1:45 PM BST; Members link is availableâ€¦ ,0.13636363636363635
#tsla,1021363268722577408,2018-07-23 11:55:53,So now we know: #TSLA Model 3 is actually short for Model 3-card monte,0.0
#tsla,1021363025322835969,2018-07-23 11:54:55,#TSLA #TSLAQ $TSLA $TSLAQ #Tesla ğŸ”ŒğŸ”‹âš¡ï¸ğŸš— #TeslaEffect ,0.0
#tsla,1021361712686075905,2018-07-23 11:49:42,"Tesla Asks Suppliers for Refunds to Help Profit, WSJ Reports #TSLA ",0.0
#tsla,1021361249660166144,2018-07-23 11:47:52,"  $TSLA  #TSLA  I did the read the article.  4 words of facts  ""We saw a memo"" and 1500 wordâ€¦ ",0.0
#tsla,1021360500871921667,2018-07-23 11:44:54, 3.)  $TSLA #TSLA Shorts currently hanging their hat on article where actual memo not published and facâ€¦ ,0.0
#tsla,1021359778612875264,2018-07-23 11:42:01, 2.) $TSLA #TSLA Recent WSJ article re: vendor negotiation smells like a hit piece to me.  If Tesla goeâ€¦ ,0.0
#tsla,1021359126792802304,2018-07-23 11:39:26, 1.)  $TSLA  #TSLA  As a reference that quarterly revenue on 1 product line is slightly more than the tâ€¦ ,0.5
#tsla,1021354866051112961,2018-07-23 11:22:30,"En route ğŸƒğŸƒğŸƒ pour  Paris
--&gt; rÃ©union 
Avec   _EvidenceB &amp; co

#EdTech #IAâ€¦ ",0.0
#tsla,1021354713768394762,2018-07-23 11:21:54," $TSLA #TSLA  5000 model 3's a week at 45,000 a pop * 4 weeks a month * 3 months a quarter = $2,700,000â€¦ ",0.0
#tsla,1021350631208976384,2018-07-23 11:05:40,"#TSLA/VVV/GT...U.S. stocks poised for sluggish start, with Tesla set to ding tech stocks

 ",0.0
#tsla,1021350290908491777,2018-07-23 11:04:19,__rosevear  #tsla $tsla Right..  asking to see the underlying memo is outrageous.  Source EXACTLY what Tesla confirmed.,-0.01607142857142857
#tsla,1021350224776835072,2018-07-23 11:04:04,8 Retorts To New York Post Attacks On Elon Musk &amp; Tesla â€” #Pravduh #RealityCheck  #Pravduhâ€¦ ,0.13636363636363635
#tsla,1021349493738962944,2018-07-23 11:01:09,@_jayschneider_ WSJ article.  Would like to see the memo they reference. They won't show it.  Smells like a hit piece to me. $TSLA #TSLA,0.0
#tsla,1021342935739256832,2018-07-23 10:35:06,Tesla refund - Run for your money? - Google Trends -  #TESLA #TSLA #TSLAQ,0.0
#tsla,1021340441411751937,2018-07-23 10:25:11,"Are you Bullish or Bearish on #TeslağŸš—?

1 - 15x Leverage âœ…

â–¶ï¸  â—€ï¸

Register Now &amp; go LongğŸ“ˆâ€¦ ",0.0
#tsla,1021337901274189824,2018-07-23 10:15:05,"Did you know that you can get paid #Bitcoin dividends
for holding your #Stocks position?

1 - 15x Leverage âœ…

â–¶ï¸â€¦ ",0.0
#tsla,1021334264888156160,2018-07-23 10:00:38,#TSLA #TSLAQ $TSLA $TSLAQ #Tesla ğŸ”ŒğŸ”‹âš¡ï¸ğŸš— ğŸ¤” ,0.0
#tsla,1021331531183329281,2018-07-23 09:49:47,"#tsla #tesla En donnÃ©e 4h. Nous sommes dans un range entre 308-326. Si ce range, se casse par le bas, nous avons TPâ€¦ ",0.0
#tsla,1021330851647361024,2018-07-23 09:47:05,"#tsla #tesla UT 4H. We are in range between 308-326. If this range breakdown, we have TP1 288 TP2 275 TP3 268 TP4 2â€¦ ",0.0
#tsla,1021323787898376192,2018-07-23 09:19:00,#TSLA #TSLAQ $TSLA $TSLAQ #Tesla ğŸ”ŒğŸ”‹âš¡ï¸ğŸš— ğŸ“ˆ ,0.0
#tsla,1021313101826863104,2018-07-23 08:36:33,This #TSLA story unfolding is history in the making. Will it be the biggest short squeeze or will the sept 50 putsâ€¦ ,0.0
#tsla,1021300998495776768,2018-07-23 07:48:27,"Ooh, #Tesla have tried to negotiate rebates with their suppliers. Like, you know, almost every semi-major customerâ€¦ ",0.0
#tsla,1021291584229388288,2018-07-23 07:11:03,"#TSLA Desperate
",-0.6
#tsla,1021290591827701760,2018-07-23 07:07:06,"$TSLA UK energy regulator proposes reforms to support electric car revolution, with flexible charging recommendedâ€¦ ",0.0
#tsla,1021288481585344513,2018-07-23 06:58:43,A Broad Look Into Autonomous Vehicles #ethereum #bitcoin #dashcoin #dash #ico #btc #eth #ether #ltc #litecoinâ€¦ ,0.23125
#tsla,1021285691563683840,2018-07-23 06:47:38,#TSLA #TSLAQ $TSLA $TSLAQ #Tesla ğŸ”ŒğŸ”‹âš¡ï¸ğŸš— ,0.0
#tsla,1021284915911045120,2018-07-23 06:44:33,would have thought #tsla made makes that list !,0.0
#tsla,1021282191509094400,2018-07-23 06:33:43," That another non starter the 2 mile time saver that no one wants and city mineral rights, and land ownâ€¦ ",0.2
#tsla,1021268833255010304,2018-07-23 05:40:38,#TSLA #TSLAQ $TSLA $TSLAQ #Tesla ğŸ”ŒğŸ”‹âš¡ï¸ğŸš— ,0.0
#tsla,1021257834292547585,2018-07-23 04:56:56,#TSLA #TSLAQ $TSLA $TSLAQ #Tesla ğŸ”ŒğŸ”‹âš¡ï¸ğŸš— ,0.0
#tsla,1021255607578439680,2018-07-23 04:48:05,"Science concentration event.
Students getting their hands dirty!
#TSLA #TSLAQ $TSLA $TSLAQ #Tesla ğŸ”ŒğŸ”‹âš¡ï¸ğŸš— ",-0.75
#tsla,1021255283623055361,2018-07-23 04:46:48,#TSLA #TSLAQ $TSLA $TSLAQ #Tesla #Hyperloop  ğŸ”ŒğŸ”‹âš¡ï¸ğŸš— ,0.0
#tsla,1021253360899567616,2018-07-23 04:39:09,We're going to wake up one of these days and #tsla will be down $50 and then another $20 day after. Watch!,-0.19444444444444448
#tsla,1021250141460631552,2018-07-23 04:26:22, Suggest take a look at the bond mkt yields for #TSLA interesting arenâ€™t they ?,0.5
#tsla,1021242155010932736,2018-07-23 03:54:38,"Given the recent discovery of teslas collecting dust in the desert and the wsj report, there's most likely a truckiâ€¦ ",0.16666666666666666
#tsla,1021240253968011266,2018-07-23 03:47:04,$TSLA #TSLA - Have never ever seen such a ferocious battle btw bulls and bears! Compelling arguments on both sidesâ€¦ ,0.15
#tsla,1021227433012285441,2018-07-23 02:56:08, Dishonesty and hatred against tesla is another example of how corrupt main  stream media is enemy of americâ€¦ ,-0.16666666666666669
#tsla,1021225333465415680,2018-07-23 02:47:47,Lol while the CEO launches rockets into space and builds submarines in his spare time #TSLA ,0.8
#tsla,1021220441757757440,2018-07-23 02:28:21,#TSLA #TSLAQ $TSLA $TSLAQ #Tesla ğŸ”ŒğŸ”‹âš¡ï¸ğŸš—ğŸ‡¨ğŸ‡³ğŸ“ˆ ,0.0
#tsla,1021219492955766784,2018-07-23 02:24:35, How does asking for cash you owe make you turn a profit ? ğŸ¤” #tsla #elonmusk,0.0
#tsla,1021218693500612608,2018-07-23 02:21:24,Time to short #TSLA for sure,0.25
#tsla,1021217134301638661,2018-07-23 02:15:12,"Check July 22, 2018 at 10:15PM, Still Looking for #ALPHA ? Make $10 in BitCoin  #roku #gproâ€¦ ",0.0
#tsla,1021201070431907840,2018-07-23 01:11:22,Wow -  &amp;  ya'll are getting too desperate on your #TSLA short positions... will enjoyâ€¦ ,-0.16666666666666666
#tsla,1021198683482730496,2018-07-23 01:01:53,#TSLA ---&gt; #TSLAQ ,0.0
#tsla,1021186767012139010,2018-07-23 00:14:32,WSJ: Tesla seeking cash from suppliers $TSLA #TSLA #Technology ,0.0
#tsla,1021186749605826560,2018-07-23 00:14:28,WSJ: Tesla seeking cash from suppliers $TSLA #TSLA #Technology ,0.0
#tsla,1021184491279331328,2018-07-23 00:05:30,  You are just backing your way into a defensible position if they #TSLA #TELSA $TSLA go pâ€¦ ,0.0
#tsla,1021175482245578752,2018-07-22 23:29:42, $TSLA #TSLA #TESLA  Show the fucking memo and let us draw our own conclusions.  This smells like nothingâ€¦ ,0.0
#tsla,1021175312455958528,2018-07-22 23:29:01, $TSLA #TSLA #TESLA  Show the fucking memo and let us draw our own conclusions.  This smells like nothingâ€¦ ,0.0
#tsla,1021172745915256833,2018-07-22 23:18:49,"#ticktock #tsla Tesla asks suppliers for cash back to help turn a profit, company memo says ",0.0
#tsla,1021171009561427968,2018-07-22 23:11:55, $tsla was down less then 1% the day needham cam up with his analysis on $tsla. I think investors folâ€¦ ,-0.16111111111111112
#tsla,1021166115907661824,2018-07-22 22:52:29,Wow #TSLA $tsla ,0.1
#tsla,1021162378606661632,2018-07-22 22:37:37,"Caught in lies, disinformation and (lately) intimidation tactics.  There really should be some civil cases files agâ€¦ ",-0.04999999999999999
#tsla,1021157637738688512,2018-07-22 22:18:47," I believe Aug 1st will tell the tale on this one.  #Tesla #TSLA $TSLA goes cash flow positive, proâ€¦ ",0.22727272727272727
#tsla,1021156968621395971,2018-07-22 22:16:08,"This is again the #TeslaEffect. 
One month old vehicle became obsolete after one single drive in the Tesla Model 3.â€¦ ",0.01428571428571429
#tsla,1021155206904655872,2018-07-22 22:09:08," #Tesla #TSLA $TSLA  More like the grinch (that stole then sold private data, got caught, and is now tryinâ€¦ ",0.25
#tsla,1021142976561639428,2018-07-22 21:20:32,#TSLA #TSLAQ $TSLA $TSLAQ #Tesla ğŸ”ŒğŸ”‹âš¡ï¸ğŸš— ğŸ‡¨ğŸ‡³ğŸ“ˆ ,0.0
#tsla,1021142491989532672,2018-07-22 21:18:36,#TSLA #TSLAQ $TSLA $TSLAQ #Tesla ğŸ”ŒğŸ”‹âš¡ï¸ğŸš— ğŸ“ˆ ,0.0
#tsla,1021138326013857800,2018-07-22 21:02:03,"Demand for Teslaâ€™s Model 3 remains incredibly strong, says Elon Musk 
#TSLA #TSLAQ $TSLAâ€¦ ",0.4333333333333333
#tsla,1021136566989873152,2018-07-22 20:55:04,Weekly Technical Video For Group 3 Stocks &amp; ETF instruments is available for members viewing @ the websiteâ€¦ ,0.2
#tsla,1021133633715761153,2018-07-22 20:43:24," The loan rate fidelity pays lender on #TSLA is still only .875%, which means low demand.  Nasdaq shorâ€¦ ",0.0
#tsla,1021132800387436544,2018-07-22 20:40:05,"Group 3 Stocks &amp; ETF instruments charts are updated in 4 time frames, weekly, daily , 4 hour and 1 hour. They are aâ€¦ ",0.0
#tsla,1021129770204049408,2018-07-22 20:28:03,"Did you know that you can get paid #Bitcoin dividends
for holding your #Stocks position?

1 - 15x Leverage âœ…

â–¶ï¸â€¦ ",0.0
#tsla,1021122878400614401,2018-07-22 20:00:40," Finance dept VP bod for a Japanese bank aged 38.   Things ain't going so well...

He does look baggyâ€¦ ",-0.05
#tsla,1021122741515292672,2018-07-22 20:00:07,"Retweeted Teslectrics ():

This is the effect Tesla vehicles have on people. Especially millennials. ğŸ˜‰â€¦ ",0.0
#tsla,1021117279369662469,2018-07-22 19:38:25,What is going on at ? Are they short #TSLA? ,0.0
#tsla,1021115674184376320,2018-07-22 19:32:02,"Are you Bullish or Bearish on #TeslağŸš—?

1 - 15x Leverage âœ…

â–¶ï¸  â—€ï¸

Register Now &amp; go LongğŸ“ˆâ€¦ ",0.0
#tsla,1021115213104517125,2018-07-22 19:30:12,"The corollary ofThose powerful,greedy,backward-looking,imagine-lessFolkWhoHaveBeen shorting #TSLA stockSinceApr (&amp;câ€¦ ",0.0
#tsla,1021113702219538432,2018-07-22 19:24:12,"It's fine if people bet &amp; short a stock. But when they stoop to lies and harassment to back up their bet, you knowâ€¦ ",0.1388888888888889
#tsla,1021110896616230912,2018-07-22 19:13:03,"Behind The Wheel of the Tesla Model 3 Performance Vehicle 
#TSLA #TSLAQ $TSLA $TSLAQ #Teslaâ€¦ ",-0.4
#tsla,1021105805351968768,2018-07-22 18:52:49,The Big Five Stock and Sector Service is now posted for Sunday                    #AMZNâ€¦ ,0.0
#tsla,1021105145617178624,2018-07-22 18:50:12,TSLA - 07/22 - #TSLA chart ,0.0
#tsla,1021103935438893057,2018-07-22 18:45:24,"#DanNeil's #WSJ Review Comes Under Fire, So MUCH So He Deletes His Twitter â€” What's This Tell YOU?â€¦ ",0.2
#tsla,1021102336855498752,2018-07-22 18:39:02,"Honestly, wouldn't it make sense financially (from a risk management perspective) for a Tesla owner to be short theâ€¦ ",0.19999999999999998
#tsla,1021100533464162305,2018-07-22 18:31:52,Here a great story to chew on and regurgitate for the next following days. Instruct your minions to engage this stoâ€¦ ,0.26666666666666666
#tsla,1021096771043381249,2018-07-22 18:16:55,#TSLA #TSLAQ $TSLA $TSLAQ #Tesla ğŸ”ŒğŸ”‹âš¡ï¸ğŸš— ğŸ“ˆ ,0.0
#tsla,1021096412707262465,2018-07-22 18:15:30,#TSLA #TSLAQ $TSLA $TSLAQ #Tesla ğŸ”ŒğŸ”‹âš¡ï¸ğŸš— ğŸ“ˆ ,0.0
#tsla,1021096164559646725,2018-07-22 18:14:31,#TSLA #TSLAQ $TSLA $TSLAQ #Tesla ğŸ”ŒğŸ”‹âš¡ï¸ğŸš— ğŸ“ˆ ,0.0
#tsla,1021095881607729153,2018-07-22 18:13:23,#TSLA #TSLAQ $TSLA $TSLAQ #Tesla ğŸ”ŒğŸ”‹âš¡ï¸ğŸš— ğŸ“ˆ ,0.0
#tsla,1021094934282162176,2018-07-22 18:09:38,#TSLA #TSLAQ $TSLA $TSLAQ #Tesla ğŸ”ŒğŸ”‹âš¡ï¸ğŸš—ğŸ“Š ğŸ“ˆ ,0.0
#tsla,1021092755949400064,2018-07-22 18:00:58,"DRIVEN: The FIRST Review Of The All-new #Tesla #Model3Performance â€” Finally, We May Have A #BMW #M3 Killerâ€¦ ",0.125
#tsla,1021084328128925696,2018-07-22 17:27:29,#TSLA #TSLAQ $TSLA $TSLAQ #Tesla ğŸ”ŒğŸ”‹âš¡ï¸ğŸš— ,0.0
#tsla,1021082233392820226,2018-07-22 17:19:09,"Did you know that you can use #Bitcoin to trade #Stocks?

1 - 15x Leverage âœ…

â–¶ï¸  â—€ï¸

Registâ€¦ ",0.0
#tsla,1021079469019344896,2018-07-22 17:08:10,#TSLA #TSLAQ $TSLA $TSLAQ #Tesla ğŸ”ŒğŸ”‹âš¡ï¸ğŸš— ,0.0
#tsla,1021063739850805249,2018-07-22 16:05:40,#TSLA #TSLAQ $TSLA $TSLAQ #Tesla ğŸ”ŒğŸ”‹âš¡ï¸ğŸš— ,0.0
#tsla,1021031085994577920,2018-07-22 13:55:55,Legit live look of  keeping a list of all the #TSLA bears and short sellers that arenâ€™t going to get seatsâ€¦ ,0.06818181818181818
#tsla,1021022551739437056,2018-07-22 13:22:00,Funny Waymo has not made any money while burning cash is more valuable then #tsla plus waymo has no sales.  ,0.375
#tsla,1021022359136980992,2018-07-22 13:21:14,#TSLA #TSLAQ $TSLA $TSLAQ #Tesla ğŸ”ŒğŸ”‹âš¡ï¸ğŸš— ğŸ˜‚ ,0.0
#tsla,1021016983049916417,2018-07-22 12:59:52,", itâ€™s the autonomous production that puts  far ahead of the pack, not electric vehicles or autonâ€¦ ",0.25
#tsla,1021008237901082625,2018-07-22 12:25:07,"Did you know that you can use #Bitcoin to trade #Stocks?

1 - 15x Leverage âœ…

â–¶ï¸  â—€ï¸

Registâ€¦ ",0.0
#tsla,1021002337157099520,2018-07-22 12:01:41,#TSLA #TSLAQ $TSLA $TSLAQ #Tesla ğŸ”ŒğŸ”‹âš¡ï¸ğŸš— #Teslaeffect ,0.0
#tsla,1021002215241265152,2018-07-22 12:01:12,Lol #tsla ,0.8
#tsla,1021002193997049856,2018-07-22 12:01:07,"This is the effect Tesla vehicles have on people. Especially millennials. ğŸ˜‰
#TSLA #TSLAQ $TSLA $TSLAQ #Tesla ğŸ”ŒğŸ”‹âš¡ï¸ğŸš—â€¦ ",0.0
#tsla,1020978563544166400,2018-07-22 10:27:13,"Are you Bullish or Bearish on #TeslağŸš—?

1 - 15x Leverage âœ…

â–¶ï¸  â—€ï¸

Register Now &amp; go LongğŸ“ˆâ€¦ ",0.0
#tsla,1020963188827926529,2018-07-22 09:26:07,"Did you know that you can get paid #Bitcoin dividends
for holding your #Stocks position?

1 - 15x Leverage âœ…

â–¶ï¸â€¦ ",0.0
#tsla,1020957339082518529,2018-07-22 09:02:52,Just out: New report from Not Even Finding Beta on the worrying lack of â€˜s Twitter engagement after SpaceXâ€¦ ,0.13636363636363635
#tsla,1020946429467070465,2018-07-22 08:19:31,#TSLA #TSLAQ $TSLA $TSLAQ #Tesla ğŸ”ŒğŸ”‹âš¡ï¸ğŸš— ,0.0
#tsla,1020945890100621312,2018-07-22 08:17:23,#TSLA #TSLAQ $TSLA $TSLAQ #Tesla ğŸ”ŒğŸ”‹âš¡ï¸ğŸš— ,0.0
#tsla,1020936200872480768,2018-07-22 07:38:53,"Tesla Motors Fans in Romania - #meetup Bucuresti 25-AUG
Sa nu spuneti ca nu ati stiut! :)

#TeslaFanRO #TeslaMotorsâ€¦ ",0.5
#tsla,1020928088459399168,2018-07-22 07:06:38,"TSLA: JP Morgan's Ryan Brinkman says Sell TSLA ahead of earnings. Risky and overvalued, despite ""highly differentiaâ€¦ ",0.16
#tsla,1020901320289636352,2018-07-22 05:20:16,"Is the $35K Tesla Model 3 a Lie?  
#TSLA #TSLAQ $TSLA $TSLAQ #Tesla ğŸ”ŒğŸ”‹âš¡ï¸ğŸš— ",0.0
#tsla,1020896834557005824,2018-07-22 05:02:27,ğŸ˜#TSLA #TSLAQ $TSLA $TSLAQ #Tesla ğŸ”ŒğŸ”‹âš¡ï¸ğŸš— ,0.0
#tsla,1020896444767752193,2018-07-22 05:00:54,#TSLA #TSLAQ $TSLA $TSLAQ #Tesla ğŸ”ŒğŸ”‹âš¡ï¸ğŸš— ğŸ˜ğŸ˜®ğŸ¤“ ,0.0
#tsla,1020891373795446784,2018-07-22 04:40:45,"â€œThe future is calling!â€
#TSLA #TSLAQ $TSLA $TSLAQ #Tesla ğŸ”ŒğŸ”‹âš¡ï¸ğŸš— ",0.0
#tsla,1020890826350575616,2018-07-22 04:38:34, You have to drip lemon ğŸ‹ juice in the screen to see the hidden message â€œpapa John elonâ€ is a genius #tsla,-0.16666666666666666
#tsla,1020890196286541825,2018-07-22 04:36:04,#TSLA #TSLAQ $TSLA $TSLAQ #Tesla ğŸ”ŒğŸ”‹âš¡ï¸ğŸš— ğŸ˜ğŸ‘‡ğŸ‘‡ğŸ‘‡ ,0.0
#tsla,1020889597683826688,2018-07-22 04:33:41,#TSLA #TSLAQ $TSLA $TSLAQ #Tesla ğŸ”ŒğŸ”‹âš¡ï¸ğŸš— ,0.0
#tsla,1020885886563749888,2018-07-22 04:18:57,#TSLA #TSLAQ $TSLA $TSLAQ #Tesla ğŸ”ŒğŸ”‹âš¡ï¸ğŸš— ,0.0
#tsla,1020874424755675143,2018-07-22 03:33:24,"Books will be written about this, movies made and everyone will laugh at the ""stupid"" folks who got swindled and beâ€¦ ",-0.24999999999999997
#tsla,1020856944066813953,2018-07-22 02:23:56,"Why the #tsla #model3 in a lot?  Most likely:  built in batch by Config,
Stored by config type on the lots, and â€˜puâ€¦ ",0.25
#tsla,1020854753494994945,2018-07-22 02:15:14,"Check July 21, 2018 at 10:15PM, Still Looking for #ALPHA ? Make $10 in BitCoin  #roku #gproâ€¦ ",0.0
#tsla,1020849729595428864,2018-07-22 01:55:16," 30% margin on 5,000 cars per week at an average sale price of $55,000. #Tesla #Teslaq #TeslaModel3 #TSLA #TSLAQ $TSLA $TSLAQ",-0.15
#tsla,1020825556152008705,2018-07-22 00:19:13,"Had a friend be quoted to receive his Model 3, in October. He got it last week....Didnâ€™t Musk say there was a backlog? ğŸ¤” #tsla #unsure",0.0
#tsla,1020806689568718849,2018-07-21 23:04:15,The hits just keep coming and yet #tsla is still valued as if it's actually a hope in hell. ,0.0
#tsla,1020806134289117184,2018-07-21 23:02:02,"Tesla Model 3 Performance test drive: For many, this will be the best car at any price  ",0.75
#tsla,1020789414979604481,2018-07-21 21:55:36,#TSLA #TSLAQ $TSLA $TSLAQ #Tesla ğŸ”ŒğŸ”‹âš¡ï¸ğŸš— ,0.0
#tsla,1020783641549451264,2018-07-21 21:32:40,definitely don't miss those costco gas lines... #zeroemissions #Tesla #ModelX #Model3 #ModelS #tsla ,0.0
#tsla,1020775937061937161,2018-07-21 21:02:03,A Tsunami of money could be headed Tesla's way in the next year â€” and thatâ€™s bad news for the bearsâ€¦ ,-0.3499999999999999
#tsla,1020754020808503298,2018-07-21 19:34:57,   $TESLA $TSLA #TESLA #TSLA  I can see your point.  It is well made.   goes Câ€¦ ,0.0
#tsla,1020753813383405570,2018-07-21 19:34:08,"Did you know that you can get paid #Bitcoin dividends
for holding your #Stocks position?

1 - 15x Leverage âœ…

â–¶ï¸â€¦ ",0.0
#tsla,1020751279977652224,2018-07-21 19:24:04,"Are you Bullish or Bearish on #TeslağŸš—?

1 - 15x Leverage âœ…

â–¶ï¸  â—€ï¸

Register Now &amp; go LongğŸ“ˆâ€¦ ",0.0
#tsla,1020746886892965888,2018-07-21 19:06:37,"  1/ Checking in from Cincinnati #TSLA dealer. Total of 17 Model 3s, 14 clean, a salesman câ€¦ ",0.18333333333333335
#tsla,1020743210610626560,2018-07-21 18:52:00,This has to be one of the worst pieces of click bait I have read. If you believe  hasnâ€™t accelerated the worlâ€¦ ,-1.0
#tsla,1020742311628689408,2018-07-21 18:48:26,#TSLA #TSLAQ $TSLA $TSLAQ #Tesla ğŸ”ŒğŸ”‹âš¡ï¸ğŸš— ,0.0
#tsla,1020731690673721344,2018-07-21 18:06:13,"Definitely listen to this guy   
Just check out his phenomenal returns depicted below 
Clearly he hasâ€¦ ",0.19999999999999998
#tsla,1020730004685008896,2018-07-21 17:59:32,"""The result is the base prices of the Model S and Model X have now increased, but both vehicles are getting the morâ€¦ ",-0.8
#tsla,1020725518545694721,2018-07-21 17:41:42,#TSLA #TSLAQ $TSLA $TSLAQ #Tesla ğŸ”ŒğŸ”‹âš¡ï¸ğŸš— ,0.0
#tsla,1020720225526968322,2018-07-21 17:20:40,"  Mark B. Spiegel  
March '15  AMZN $385 TSLA $197
â€œI think $AMZN is the seconâ€¦ ",0.0
#tsla,1020714123691274240,2018-07-21 16:56:25,"Jim Chanos: The only man calling out Elon on his BS claims.  
â€¦ ",0.0
#tsla,1020713117532282880,2018-07-21 16:52:25, Hey  maybe you should let your followers  and the people who watch you on TV know theâ€¦ ,0.0
#tsla,1020710215849738242,2018-07-21 16:40:53,"     Mark B. Spiegel  
March '15  AMZN $38â€¦ ",0.0
#tsla,1020709370840199168,2018-07-21 16:37:32,"Jesus.  You can get in that boot without fucking opening it! #tsla  Shocking quality, less calling peopleâ€¦ ",-0.638888888888889
#tsla,1020709332839796737,2018-07-21 16:37:23,"Mark B. Spiegel  
March '15  AMZN $385 TSLA $197
â€œI think $AMZN is the second most overvalued mega-capâ€¦ ",0.25
#tsla,1020706483951087616,2018-07-21 16:26:04,"Did you know that you can use #Bitcoin to trade #Stocks?

1 - 15x Leverage âœ…

â–¶ï¸  â—€ï¸

Registâ€¦ ",0.0
#tsla,1020695737385013248,2018-07-21 15:43:22,Tesla Model 3 Test Drive Reactions are Driving Tesla Shorts into Ludicrous Mode - 1redDrop  ,0.0
#tsla,1020687473951813632,2018-07-21 15:10:31,"RT InOrbisCorp ""ICYMI: Autonomous freight transport will be commonplace by 2020: 

#AIâ€¦ ",0.4
#tsla,1020687098528116737,2018-07-21 15:09:02,"ICYMI: Autonomous freight transport will be commonplace by 2020: 

#AI #Autonomous #carsâ€¦ ",0.4
#tsla,1020685328041037826,2018-07-21 15:02:00, Would love to see a â€œSignature Tributeâ€ #Model3. Would gladly pay extra for Signature Red paint. #tesla #tsla,0.25
#tsla,1020672242999537664,2018-07-21 14:10:00,$TSLA weekly is in a complex correction - one alternative includes a triangle #tsla #stocks ,-0.3
#tsla,1020650653713133569,2018-07-21 12:44:13,#TSLA #TSLAQ $TSLA $TSLAQ #Tesla ğŸ”ŒğŸ”‹âš¡ï¸ğŸš— ,0.0
#tsla,1020643071183278080,2018-07-21 12:14:05,"Did you know that you can use #Bitcoin to trade #Stocks?

1 - 15x Leverage âœ…

â–¶ï¸  â—€ï¸

Registâ€¦ ",0.0
#tsla,1020633974631223296,2018-07-21 11:37:56,"#TSLA #Tesla #US500 #SP50 $ES $SPX $SPY 

#TeslaModel3 3 the best car in the world?

 ",1.0
#tsla,1020615512307523585,2018-07-21 10:24:34,#TSLA #TSLAQ $TSLA $TSLAQ #Tesla ğŸ”ŒğŸ”‹âš¡ï¸ğŸš— ,0.0
#tsla,1020615256178085888,2018-07-21 10:23:33,#TSLA #TSLAQ $TSLA $TSLAQ #Tesla ğŸ”ŒğŸ”‹âš¡ï¸ğŸš— ,0.0
#tsla,1020613907482890241,2018-07-21 10:18:12,"Are you Bullish or Bearish on #TeslağŸš—?

1 - 15x Leverage âœ…

â–¶ï¸  â—€ï¸

Register Now &amp; go LongğŸ“ˆâ€¦ ",0.0
#tsla,1020603594318524416,2018-07-21 09:37:13,#TSLA #TSLAQ $TSLA $TSLAQ #Tesla ğŸ”ŒğŸ”‹âš¡ï¸ğŸš— ,0.0
#tsla,1020602885816627200,2018-07-21 09:34:24,#TSLA #TSLAQ $TSLA $TSLAQ #Tesla ğŸ”ŒğŸ”‹âš¡ï¸ğŸš— ,0.0
#tsla,1020597009387016192,2018-07-21 09:11:03,"Did you know that you can get paid #Bitcoin dividends
for holding your #Stocks position?

1 - 15x Leverage âœ…

â–¶ï¸â€¦ ",0.0
#tsla,1020580902097780736,2018-07-21 08:07:03,"Tesla is stocking â€˜thousandsâ€™ of Model 3â€™s in parking lots, shorts are freaking out about itâ€¦ ",0.0
#tsla,1020571154199691264,2018-07-21 07:28:19,Jim Chanos on #tsla ,0.0
#tsla,1020545698310209536,2018-07-21 05:47:09,#TSLA #TSLAQ $TSLA $TSLAQ #Tesla ğŸ”ŒğŸ”‹âš¡ï¸ğŸš— ,0.0
#tsla,1020545514322898945,2018-07-21 05:46:26,#TSLA #TSLAQ $TSLA $TSLAQ #Tesla ğŸ”ŒğŸ”‹âš¡ï¸ğŸš— ,0.0
#tsla,1020537909340921856,2018-07-21 05:16:12,#TSLA #TSLAQ $TSLA $TSLAQ #Tesla ğŸ”ŒğŸ”‹âš¡ï¸ğŸš— ,0.0
#tsla,1020532322473455616,2018-07-21 04:54:00,#TSLA #TSLAQ $TSLA $TSLAQ #Tesla ğŸ”ŒğŸ”‹âš¡ï¸ğŸš— ,0.0
#tsla,1020532230379077632,2018-07-21 04:53:38,#TSLA #TSLAQ $TSLA $TSLAQ #Tesla ğŸ”ŒğŸ”‹âš¡ï¸ğŸš— ,0.0
#tsla,1020531731466661889,2018-07-21 04:51:40,#TSLA #TSLAQ $TSLA $TSLAQ #Tesla ğŸ”ŒğŸ”‹âš¡ï¸ğŸš— ,0.0
#tsla,1020527057174794242,2018-07-21 04:33:05," the end is near darling, the karma for lying is... well you will find out ;)

$tsla #tsla #telsaâ€¦ ",0.175
#tsla,1020525763995422720,2018-07-21 04:27:57,#TSLA #TSLAQ $TSLA $TSLAQ #Tesla ğŸ”ŒğŸ”‹âš¡ï¸ğŸš— #StopBullying ,0.0
#tsla,1020525068047114240,2018-07-21 04:25:11,#TSLA #TSLAQ $TSLA $TSLAQ #Tesla ğŸ”ŒğŸ”‹âš¡ï¸ğŸš— ,0.0
#tsla,1020523155616493569,2018-07-21 04:17:35,#TSLA #TSLAQ $TSLA $TSLAQ #Tesla ğŸ”ŒğŸ”‹âš¡ï¸ğŸš— ,0.0
#tsla,1020523008325124097,2018-07-21 04:17:00,#TSLA #TSLAQ $TSLA $TSLAQ #Tesla ğŸ”ŒğŸ”‹âš¡ï¸ğŸš— ,0.0
#tsla,1020522701113323526,2018-07-21 04:15:46,#TSLA #TSLAQ $TSLA $TSLAQ #Tesla #TipToeQuietly. ğŸ”ŒğŸ”‹âš¡ï¸ğŸš— ,0.0
#tsla,1020517467666382848,2018-07-21 03:54:59,Here is analysis from an investor cum analyst who doesn't wear suits and don't have hidden agendas. Why don't you gâ€¦ ,-0.16666666666666666
#tsla,1020516187870904321,2018-07-21 03:49:54,#Tesla buyers eye new EV bill that extends $7500 tax credit and removes 200k cap - Teslarati #tsla ,0.13636363636363635
#tsla,1020506521912979456,2018-07-21 03:11:29,"Even cheaper Tesla vehicles, affordable also by school teachers are coming! ğŸ’ª
#TSLA #TSLAQ $TSLA $TSLAQ #Tesla ğŸ”ŒğŸ”‹âš¡ï¸ğŸš— ",0.0
#tsla,1020492330435047425,2018-07-21 02:15:06,"Check July 20, 2018 at 10:15PM, Still Looking for #ALPHA ? Make $10 in BitCoin  #roku #gproâ€¦ ",0.0
#tsla,1020439523463901184,2018-07-20 22:45:15,"I completed a small freelance writing gig and told myself I would ""buy my first stock"" with the funds... I officialâ€¦ ",0.0
#tsla,1020427194080907264,2018-07-20 21:56:16,"Retweeted Teslectrics ():

Beyond Elon Musk's Drama, Tesla's Cars Are Thrilling Driversâ€¦ ",0.25
#tsla,1020413562983002112,2018-07-20 21:02:06,"The Tesla Model 3 interior sets a radical new standard for auto design 
#TSLA #TSLAQ $TSLAâ€¦ ",0.06818181818181818
#tsla,1020410168335577093,2018-07-20 20:48:37,Wrote a Vertical Call Spread on TSLA for July 20 @ 340/350 Strikes. Collected $0.37 Premium. #optionechoâ€¦ ,0.0
#tsla,1020409654994710528,2018-07-20 20:46:34,"$TSLA CLOSES LOWER FOR THE 2ND DAY IN A ROW: 
Sentiment: Neutral #TSLA #Tesla",0.0
#tsla,1020399491223031808,2018-07-20 20:06:11,"Did you know that you can get paid #Bitcoin dividends
for holding your #Stocks position?

1 - 15x Leverage âœ…

â–¶ï¸â€¦ ",0.0
#tsla,1020389791546953728,2018-07-20 19:27:38,#TSLA #TSLAQ $TSLA $TSLAQ #Tesla ğŸ”ŒğŸ”‹âš¡ï¸ğŸš— ,0.0
#tsla,1020388915272876034,2018-07-20 19:24:09,"Are you Bullish or Bearish on #TeslağŸš—?

1 - 15x Leverage âœ…

â–¶ï¸  â—€ï¸

Register Now &amp; go LongğŸ“ˆâ€¦ ",0.0
#tsla,1020387841690370048,2018-07-20 19:19:54,Where to? - #TSLA chart ,0.0
#tsla,1020387825487925251,2018-07-20 19:19:50,#TSLA #TSLAQ $TSLA $TSLAQ #Tesla ğŸ”ŒğŸ”‹âš¡ï¸ğŸš— ,0.0
#tsla,1020386911540555776,2018-07-20 19:16:12,Still Higher lows for now.  - #TSLA chart ,0.25
#tsla,1020386113121406976,2018-07-20 19:13:01,"Beyond Elon Musk's Drama, Tesla's Cars Are Thrilling Drivers 
#TSLA #TSLAQ $TSLA $TSLAQ #Tesla ğŸ”ŒğŸ”‹âš¡ï¸ğŸš—",0.25
#tsla,1020379700194050049,2018-07-20 18:47:32,Tesla Can Kiss Any Model Y Deposits In 2019 Goodbye #Tesla #TSLA #AntonWahlman #ShortIdeas #UnitedStatesâ€¦ ,0.0
#tsla,1020371932527677440,2018-07-20 18:16:40,"Ah, ok.

There's Theranos - The Movie in progress:



And, perhaps, Tesla - The Movie will hâ€¦ ",0.5
#tsla,1020371662741680128,2018-07-20 18:15:36, I wonder if this investment bank is trying to mess with  for making that pedo comment ğŸ¤” Aâ€¦ ,-0.175
#tsla,1020366389289238528,2018-07-20 17:54:39,#JPM stealing the Doc's charts?! #TSLA  ,0.0
#tsla,1020361562270314496,2018-07-20 17:35:28,#TSLA negativity is so thick that bears can walk on. Actually #Tesla fundamental are getting brighter every day.,-0.15000000000000002
#tsla,1020357726839484418,2018-07-20 17:20:14,The Group 3 Live Analysis / Trading Room video recording is available for members @ the siteâ€¦ ,0.2681818181818182
#tsla,1020357201888673793,2018-07-20 17:18:08,"Did you know that you can use #Bitcoin to trade #Stocks?

1 - 15x Leverage âœ…

â–¶ï¸  â—€ï¸

Registâ€¦ ",0.0
#tsla,1020356131653324801,2018-07-20 17:13:53,  Where is the speedometer? #TSLA,0.0
#tsla,1020355264703344640,2018-07-20 17:10:27,Shorts and thieves will be taken in custody in environmentally friendly vehicles. Bright future for the law brakingâ€¦ ,0.3583333333333334
#tsla,1020352953763475456,2018-07-20 17:01:16,"Cheaper than the $80k Porsche Taycan, but fully optioned and mass produced.

Shorts and the auto industry will hurtâ€¦ ",0.0
#tsla,1020345308406984704,2018-07-20 16:30:53,"#Schlumberger revenue jumps 11% to $8.3B in Q2 7/20/18 ""LIVE"" INTRADAY TRADING - #MSFT #SKX #TSLA #GE #SLB #VFCâ€¦ ",0.13636363636363635
#tsla,1020344344417587200,2018-07-20 16:27:03,#TSLA $TSLA $TSLAQ,0.0
#tsla,1020338563496513536,2018-07-20 16:04:05,#TSLA #TSLAQ $TSLA $TSLAQ #Tesla ğŸ”ŒğŸ”‹âš¡ï¸ğŸš— ,0.0
#tsla,1020338405916520450,2018-07-20 16:03:27,#TSLA #TSLAQ $TSLA $TSLAQ #Tesla ğŸ”ŒğŸ”‹âš¡ï¸ğŸš— ,0.0
#tsla,1020338062814064641,2018-07-20 16:02:05,"How the New York Hedge Funds Lost Their Shirts on Tesla 
#TSLA #TSLAQ $TSLA $TSLAQ #Tesla ğŸ”ŒğŸ”‹âš¡ï¸ğŸš—",0.13636363636363635
#tsla,1020336679985565696,2018-07-20 15:56:36,The #TSLA spin machine is in full effect.  Note this common thread in all tweets &amp; articles by shill publications:â€¦ ,0.024999999999999994
#tsla,1020334973608439808,2018-07-20 15:49:49,#TSLA #TSLAQ $TSLA $TSLAQ #Tesla ğŸ”ŒğŸ”‹âš¡ï¸ğŸš— ,0.0
#tsla,1020331299884675073,2018-07-20 15:35:13,#TSLA #TSLAQ $TSLA $TSLAQ #Tesla ğŸ”ŒğŸ”‹âš¡ï¸ğŸš— ,0.0
#tsla,1020331151808913409,2018-07-20 15:34:38,2018 Tesla Model 3 Performance sounds fun - if you have $78k. #TSLA ,0.3
#tsla,1020330625356697601,2018-07-20 15:32:32,#TSLA #TSLAQ $TSLA $TSLAQ #Tesla ğŸ”ŒğŸ”‹âš¡ï¸ğŸš— ,0.0
#tsla,1020329936488419333,2018-07-20 15:29:48,"7/20/18 ""LIVE"" INTRADAY TRADING - #MSFT #SKX #TSLA #GE #SLB #VFC #STT ETC ER... - pay day guys! trade safe! ",0.3977272727272727
#tsla,1020327259310211072,2018-07-20 15:19:10,"In breaking news, a highly differentiated business model, appealing product and leading edge tech is a bad reason tâ€¦ ",-0.013333333333333272
#tsla,1020320695069405184,2018-07-20 14:53:05,#TSLA #TSLAQ $TSLA $TSLAQ #Tesla ğŸ”ŒğŸ”‹âš¡ï¸ğŸš— ,0.0
#tsla,1020318633145270273,2018-07-20 14:44:53,#TSLA #TSLAQ $TSLA $TSLAQ #Tesla ğŸ”ŒğŸ”‹âš¡ï¸ğŸš— ,0.0
#tsla,1020297702565916674,2018-07-20 13:21:43,The future of the grid: South Australian Virtual Power Plant | Powerwall &amp; Solar  via #Powerwall #TSLA,0.0
#tsla,1020293540709060608,2018-07-20 13:05:10,"Did you know that you can use #Bitcoin to trade #Stocks?

1 - 15x Leverage âœ…

â–¶ï¸  â—€ï¸

Registâ€¦ ",0.0
#tsla,1020289764216508416,2018-07-20 12:50:10,"Non performance AWD reservation holders who waited in line beginning to get VINs #Model3 #tesla #tsla
",0.0
#tsla,1020282206743298048,2018-07-20 12:20:08,Group 3 Live Analysis &amp; Trading Session Starts @ 8:45 AM EDT / 12:45 PM GMT /1:45 PM BST; Members link is availableâ€¦ ,0.13636363636363635
#tsla,1020261185021718528,2018-07-20 10:56:36,#TSLA #TSLAQ $TSLA $TSLAQ #Tesla ğŸ”ŒğŸ”‹âš¡ï¸ğŸš— ğŸ˜ ,0.0
#tsla,1020251243162292226,2018-07-20 10:17:06,"Are you Bullish or Bearish on #TeslağŸš—?

1 - 15x Leverage âœ…

â–¶ï¸  â—€ï¸

Register Now &amp; go LongğŸ“ˆâ€¦ ",0.0
#tsla,1020248741205487616,2018-07-20 10:07:09,"Did you know that you can get paid #Bitcoin dividends
for holding your #Stocks position?

1 - 15x Leverage âœ…

â–¶ï¸â€¦ ",0.0
#tsla,1020241240535814144,2018-07-20 09:37:21,"Also for the shorts to enjoy.ğŸ˜

, I am calling you out!

, for your enjoyment.ğŸ˜‰

And the shortâ€¦ ",0.0
#tsla,1020239186954211329,2018-07-20 09:29:11,#TSLA #TSLAQ $TSLA $TSLAQ #Tesla ğŸ”ŒğŸ”‹âš¡ï¸ğŸš— ,0.0
#tsla,1020232923151249408,2018-07-20 09:04:18,#TSLA #TSLAQ $TSLA $TSLAQ #Tesla ğŸ”ŒğŸ”‹âš¡ï¸ğŸš— ,0.0
#tsla,1025799858551181312,2018-08-04 17:45:19,how #TSLA accounting doesnâ€™t absolutely shock the SEC is a mystery... ,0.05
#tsla,1025793853096452096,2018-08-04 17:21:27,"""The percentage revenue growth for the second quarter, year-over-year, would have been smaller â€” 39% â€” if calculateâ€¦ ",0.0
#tsla,1025771905528291328,2018-08-04 15:54:14,Oh weâ€˜ll need it once all the German manufacturers are starting their steep decline #TSLA ,0.0
#tsla,1025747532255715328,2018-08-04 14:17:23,"At a loss for something to do? Watch this Tesla Model 3 review :) 

#tsla
#TeslaModel3",0.5
#tsla,1025743361196601351,2018-08-04 14:00:49,"More whistleblowers incoming... #TSLA $TSLA #Tesla #StockMarket 

   â€¦ ",0.5
#tsla,1025736940551692289,2018-08-04 13:35:18, got to be blind not see #TSLA  has more S3X people are raving about. ,0.0
#tsla,1025736725434384384,2018-08-04 13:34:27,"  Yes, but is Tesla too big to fail already? Is the the Fed proping up #TSLA together witâ€¦ ",-0.25
#tsla,1025714530981224448,2018-08-04 12:06:15,"Looks like Elon Musk doesn't know what he is talking, with his Gigatent in Shanghai! #Tesla #TSLA) |  ",0.0
#tsla,1025687786194722821,2018-08-04 10:19:59,Tesla #TSLA +14% da keine VerkÃ¤ufer mehr vorhanden sind. Es reichte das Ausbleiben neuer Negativnews  #BÃ¶rse #Aktien,0.0
#tsla,1025686071210897409,2018-08-04 10:13:10,  #amzn is mainly digital&amp;Scales exponentially. #tsla manufactures so scales linearly. #amzn wasâ€¦ ,0.16666666666666666
