#twtr,1023850137670639616,2018-07-30 08:37:49,#FB e #TWTR crollano in borsa. Ora perÃ² giro di vite anche per GLI UTENTI. Sopratutto per i #fake. Slide byâ€¦ ,-0.5
#twtr,1023822978004471809,2018-07-30 06:49:54,"#twitter #TWTR
revenue tapering.
might into profit at some point.
really need something different to happen. ",0.1
#twtr,1023775195738255360,2018-07-30 03:40:02,#TWTR - æ¨ç‰¹(TWTR)è²¡å ±å¾Œç ´ä½ï¼Œç«­ç›¡ç¼ºå£ï¼Œ2618ï¼Œä»¥åŠçªç ´çµæ§‹å›è¸©ç–ŠåŠ ï¼ˆæ”¹ç·¨è‡ªé™³å¥•è¿…ã€Šæ¼¸æ¼¸ã€‹ï¼‰ - ,0.0
#twtr,1023764623101706240,2018-07-30 02:58:01,  How come  hasnâ€™t been sued by #Twitter shareholders for breach of fiduciary duty toâ€¦ ,0.0
#twtr,1023745768723599361,2018-07-30 01:43:06,   I think I'd ask one of my two dogs before I'd turn to #TWTR,0.0
#twtr,1023745754475651074,2018-07-30 01:43:02,"Get ready for a MASSIVE  #twtr selloff.
Our sources have told us Twitter will lose at least 25% of it's valueâ€¦ ",-0.033333333333333326
#twtr,1023740295194857473,2018-07-30 01:21:21,My last office on Wall St. I had 5 people working for me in my office in one room. I would talk to myself outloud tâ€¦ ,0.0
#twtr,1023711424017772544,2018-07-29 23:26:37,#UnsocialMedia #TwitterProblems #NoBigBro #TwitterGulag #TWTR #TwitterFAIL #GAB _Veritas ,0.0
#twtr,1023710382760910848,2018-07-29 23:22:29, #TwitterProblems I have been put in #TwitterGulag a 3 or 4 times. And a few weeks ago I lost 100s ofâ€¦ ,-0.2
#twtr,1023696423563362304,2018-07-29 22:27:01,"""DAU only
includes accounts on our owned and operated services such as the Twitter
app and  #TWTR",0.0
#twtr,1023691963734929408,2018-07-29 22:09:18,In other #news  #PapaJohns is going #ScorchedEarth &amp; their #stock is taking a tumble but itâ€™s doing better than #TWTR  ğŸ¤·ğŸ½â€â™€ï¸,0.1875
#twtr,1023690623403139072,2018-07-29 22:03:58,_inxs       â€¦ ,0.0
#twtr,1023689261906882561,2018-07-29 21:58:33,   Thank you 4 the good advice. I'll try to get the number of those Iâ€¦ ,0.7
#twtr,1023687786635964416,2018-07-29 21:52:42,"    I have used  ,  ,  andâ€¦ ",0.0
#twtr,1023686802169884672,2018-07-29 21:48:47,"   Will do as soon as #TWTR lets me. They claim I have reached my ""folloâ€¦ ",0.0
#twtr,1023683641707122688,2018-07-29 21:36:13,Has  begun dumping his #TWTR stock too? ,0.0
#twtr,1023676209073287168,2018-07-29 21:06:41,"I'd expect every @ Twitter O&amp;O handle (, , , , , etc)â€¦ ",0.0
#twtr,1023674525051891713,2018-07-29 21:00:00,#TWTR - Doble techo (twtr) - ,0.0
#twtr,1023671734862528512,2018-07-29 20:48:55,"   I discovered today that I'm QFD banned, too. Does that mean that  and hâ€¦ ",-0.3125
#twtr,1023669041662185474,2018-07-29 20:38:13,"Warren Buffet:

1 - 15x Leverage âœ…

â–¶ï¸  â—€ï¸

Register Now &amp; go LongğŸ“ˆ or ShortğŸ“‰ on #TWTR withâ€¦ ",0.0
#twtr,1023647713341202433,2018-07-29 19:13:27,"""Steven Spielberg Is A Pedophile"" - Isaac Kappy Names Names #PedoWood #p...  via â€¦ ",0.0
#twtr,1023637293867954176,2018-07-29 18:32:03,"Warren Buffet:

1 - 15x Leverage âœ…

â–¶ï¸  â—€ï¸

Register Now &amp; go LongğŸ“ˆ or ShortğŸ“‰ on #TWTR withâ€¦ ",0.0
#twtr,1023621009881096197,2018-07-29 17:27:21,"The shareholders of

 #Facebook #FB

 #Twitter #TWTR

Should sue these companies and their CEOsâ€¦ ",0.0
#twtr,1023615549677469696,2018-07-29 17:05:39,"Kom op zeg:
'Boze aandeelhouders dienen schadeclaim in tegen #Facebook na dramatische koersval' #beleggen is niet zâ€¦ ",0.0
#twtr,1023609511586738177,2018-07-29 16:41:39,  Short #TWTR make $,0.0
#twtr,1023607707704614912,2018-07-29 16:34:29," Twitter is a publicly traded company and therefore, subject to any rules and regulations of the SEC. #TWTR",-0.08888888888888889
#twtr,1023607272520523776,2018-07-29 16:32:46,#TWTR âŒâŒâŒ ,0.0
#twtr,1023604327200555008,2018-07-29 16:21:03,âŒ #TWTR âŒâŒâŒâŒ ,0.0
#twtr,1023596000966057984,2018-07-29 15:47:58,"Hey ., when are you going to allow me to follow my followers? Is this another attempt to quiet conservatives, .? #NYSE #TWTR.",0.0
#twtr,1023591021555240961,2018-07-29 15:28:11,  Sad. #sellyourtwitterstocknow if you have any. Jack just kicked himself like Zuckerbâ€¦ ,-0.5
#twtr,1023581778101981186,2018-07-29 14:51:27,_TheToucan    It's happening!!!!  Shame on you. Monday is going to be WORSE! Selllâ€¦ ,-0.5
#twtr,1023579288988213248,2018-07-29 14:41:34," your wordsmithing is tanking #TWTR 
#QFDShadowban 
#ShadowBanning ",0.0
#twtr,1023557302354432000,2018-07-29 13:14:12,Shadowbanning: â€œThe best definition we found is this: deliberately making someoneâ€™s content undiscoverable to everyâ€¦ ,1.0
#twtr,1023540347690000384,2018-07-29 12:06:50,TWTR 34.35$ Major support zone ~ 31.50/30.50*** #markets #stocks #twtr #crypto #fx #Rk #ADSS Trading support ,0.0625
#twtr,1023518495860899841,2018-07-29 10:40:00,#TWTR - ØªÙˆÙŠØªØ± ÙŠÙƒØ¨Ø­ Ø§Ù„Ø³Ù„ÙˆÙƒÙŠØ§Øª Ø§Ù„Ù…Ø³ÙŠØ¦Ø© Ù„ÙŠØ¹Ø²Ø² Ø§Ù„Ø´ÙØ§ÙÙŠØ©.. - ,0.0
#twtr,1023513283293335552,2018-07-29 10:19:17,I wonder how our favorite medium is doing ğŸ™ƒ #TWTR ,0.5
#twtr,1023504484310372352,2018-07-29 09:44:19,#twitter #admiralmarkets #tweetinvestorclub #tweetinvestor #facebook #fb #twtr #asset #assetmanagement ,0.0
#twtr,1023470066627739648,2018-07-29 07:27:33,"If it hadnâ€™t been #sad, it would have been #funny. $FB #TWTR ",-0.125
#twtr,1023451024835534848,2018-07-29 06:11:53,        â€¦ ,0.0
#twtr,1023424350609760256,2018-07-29 04:25:54,Twitter is cheap right now. Who will buy them out at a price of $50 + a share? $twtr #twtr #twitter $amzn #amznâ€¦ ,0.34285714285714286
#twtr,1023391183207378944,2018-07-29 02:14:06,After todayâ€™s IRREFUTABLE proof of being #QFDshadowbanned I believe we must now seek to take direct action againstâ€¦ ,0.1
#twtr,1023389286282874881,2018-07-29 02:06:34,"ãƒ„ã‚¤ãƒƒã‚¿ãƒ¼ã®æ ªä¾¡ãªã‚“ã§ã“ã‚“ãªä¸‹ãŒã£ã¦ã‚‹ã‚“ï¼Ÿ25 %ä¸‹è½ã¦â€¦ä»Šè²·ã£ãŸæ–¹ãŒã„ã„ã‹ãªï¼Ÿã‚¤ãƒ³ã‚¹ã‚¿ã£ã¦ä¸Šå ´ã—ã¦ã‚“ã®ã‹ï¼Ÿ
#TWTR",0.0
#twtr,1023385949072449536,2018-07-29 01:53:18,_contagious    Having my own #twtr engineer reminds me of this: ,0.6
#twtr,1023384925830086657,2018-07-29 01:49:14,_contagious    Have my own personal #twtr engineer assigned to me:: feel I câ€¦ ,0.3
#twtr,1023379694379393024,2018-07-29 01:28:27,BUY $TWTR ON THE DIP!       #TWTR ,0.0
#twtr,1023379409275953153,2018-07-29 01:27:19,_contagious    If I could be asked I might delve through my TL and find theâ€¦ ,0.0
#twtr,1023373806746972160,2018-07-29 01:05:03,Refuse to do it because it was started by a complete and utter (moving to UK English because it is more descriptiveâ€¦ ,0.15
#twtr,1023322437319110659,2018-07-28 21:40:56,"When $FB talks about AI, they spend billions to really incorporate deep learning at high performance. You can see iâ€¦ ",0.12
#twtr,1023299349378424832,2018-07-28 20:09:11,"Warren Buffet:

1 - 15x Leverage âœ…

â–¶ï¸  â—€ï¸

Register Now &amp; go LongğŸ“ˆ or ShortğŸ“‰ on #TWTR withâ€¦ ",0.0
#twtr,1023272179792859136,2018-07-28 18:21:13,"Warren Buffet:

1 - 15x Leverage âœ…

â–¶ï¸  â—€ï¸

Register Now &amp; go LongğŸ“ˆ or ShortğŸ“‰ on #TWTR withâ€¦ ",0.0
#twtr,1023271262087471104,2018-07-28 18:17:34, share holders should be complaining. #TWTR down over 20%.  A company that's revenue comes from advertisingâ€¦ ,-0.15555555555555559
#twtr,1023266340545675264,2018-07-28 17:58:01,  The next Twitter is being developed and will be truly free speech. Sell your #TWTR stock now,0.16666666666666666
#twtr,1023265235510079489,2018-07-28 17:53:38,âŒATTN :   #TWITTER - #NYSE &gt; #TWTR&lt; TANKS : #shares Plunge 19% After the Platform is Accused of â€˜â€¦ ,0.0
#twtr,1023260218262794240,2018-07-28 17:33:41,$TWTR $PAYC $TSLA #TESLA #TWTR #PAYCOM #EARNINGS  Options Trading Ideas Explored in these: ,0.0
#twtr,1023256884105670656,2018-07-28 17:20:27,#TWTR ,0.0
#twtr,1023252361639342085,2018-07-28 17:02:28,  Idk ask : #TWTR,0.0
#twtr,1023234624917450752,2018-07-28 15:52:00,"7/29(Sun) #DXY,OANDA,#FB,#TWTR
$DXY(D) ãƒãƒ£ãƒ¼ãƒˆä¸Šã¯95.531ã‚’q1ã«ã‚«ã‚¦ãƒ³ãƒˆã—ã¦ã„ã¾ã™ãŒbã‚’q1ã¨ã™ã‚‹ã‚«ã‚¦ãƒ³ãƒˆã‚‚æœ‰ã‚Šï¼Ÿãƒ‰ãƒ«å®‰ã®æµã‚Œã¯é’ã®æŠµæŠ—ãƒ©ã‚¤ãƒ³ã¾ã§ã§åç™ºä¸Šæ˜‡ã«ã€ã¾ã bæ³¢ã®ä¸­ã¨ã™ã‚‹ã¨b1â€¦ ",0.0
#twtr,1023229051169853440,2018-07-28 15:29:51,"On Friday #TWTR crashes too (in a positive macro environment, as US GDP grew at annual pace of 4.1% in Q2 18, and wâ€¦ ",0.22727272727272727
#twtr,1023228972702855168,2018-07-28 15:29:32,Hello #cdnpoli #onpoli and #topoli people! You are ripping it up on Twitter #TWTR in Toronto. Municipal politics anâ€¦ ,0.0
#twtr,1023220039678349312,2018-07-28 14:54:02,   If â€™s &gt;20% fall in share price is reportedly mainly due to their purging fake accâ€¦ ,-0.3125
#twtr,1023203957357912066,2018-07-28 13:50:08,"Dear 

Care to explain how #Conservatives like myself are #QFDBanned â€œto improve the health of the public convâ€¦ ",0.0
#twtr,1023199745529929730,2018-07-28 13:33:24, #FakeNews #fakeaccounts #fakeanalysts #fakevaluations #TWTR #fb,0.0
#twtr,1023190377984090112,2018-07-28 12:56:10,#TWTR #StockDive ,0.0
#twtr,1023181228093177859,2018-07-28 12:19:49,Los rÃ©cords ( caen con altÃ­sima velocidad incluso cuando son tan tristes. Efectivamenteâ€¦ ,0.0
#twtr,1023165096770641920,2018-07-28 11:15:43,"I definitely got at least $1.79 of value from #TWTR last q, maybe even $1.80 ",-0.09999999999999999
#twtr,1023163285607247872,2018-07-28 11:08:31,"As _Talk reported July 14th #USA authorities investigating  

Yesterday #Twitter NYSE #TWTR slumped 3â€¦ ",0.0
#twtr,1023146395883266048,2018-07-28 10:01:24,Which broker to start with ?  #broker #trading #tradezero #TWTR #FB,0.0
#twtr,1023140696037961728,2018-07-28 09:38:45,#eStocks share price performance #chart: #TWTR v #NFLX v #AMZN v #MSFT v #GOOG v #AAPL v #FB (10 months).â€¦ ,0.0
#twtr,1023140040484913152,2018-07-28 09:36:09,"Post yesterdayâ€™s carnage, #TWTR is now available for a cash flow yield of 4.2%",0.4
#twtr,1023094577467551746,2018-07-28 06:35:30, Some investors &amp; stakeholders don't understand how cleanup initiatives impact Twitter's metrics &amp; oveâ€¦ ,0.0
#twtr,1023088051659137024,2018-07-28 06:09:34,"Ğ˜ÑÑ‚Ğ¾Ñ€Ğ¸Ñ Ğ¿Ğ¾Ğ²Ñ‚Ğ¾Ñ€Ğ¸Ğ»Ğ°ÑÑŒ Ğ½Ğ° ÑĞ»ĞµĞ´ÑƒÑÑ‰Ğ¸Ğ¹ Ğ´ĞµĞ½ÑŒ ÑƒĞ¶Ğµ Ñ #Twitter , Ñ‚Ğµ Ğ¶Ğµ -20% ğŸ“‰ğŸ¤¨ Ğ¥Ğ¾Ñ‚Ñ Ğ¾Ğ½ Ñ Ğ½Ğ°Ñ‡Ğ°Ğ»Ğ° Ğ³Ğ¾Ğ´Ğ° Ñ€Ğ¾Ñ Ğ±Ğ¾Ğ»ĞµĞµ Ğ°ĞºÑ‚Ğ¸Ğ²Ğ½Ğ¾ Ğ¸ Ğ¿Ğ¾-Ğ¿â€¦ ",0.0
#twtr,1023068176362352645,2018-07-28 04:50:35," #TWTR #Facebookstock 

Q: Why do the shareholders want the CEO s of these companies to step down?

A:â€¦ ",-0.15555555555555559
#twtr,1023060242270224384,2018-07-28 04:19:03,"To repair reputation, Twitter, Facebook incur investor wrath $TWTR #TWTR #Technology #Onlinemedia #Media ",0.0
#twtr,1023060223265792000,2018-07-28 04:18:59,"To repair reputation, Twitter, Facebook incur investor wrath $TWTR #TWTR #Technology #Onlinemedia #Media ",0.0
#twtr,1023058159756173312,2018-07-28 04:10:47,  Short #twtr,0.0
#twtr,1023052096059453440,2018-07-28 03:46:41,#Business #Technology #TWTR #Money #DOW ,0.0
#twtr,1023050203107086336,2018-07-28 03:39:10,I havenâ€™t seen #TWTR #Sell #Short for a while? Why not!?,0.0
#twtr,1023048785595965442,2018-07-28 03:33:32,"_R02 Lol, I was about 5 months before you. Piker position like you before an earnings call. Sure enough exceeâ€¦ ",0.43333333333333335
#twtr,1023042479694798848,2018-07-28 03:08:29, Thank you  for #following me. I will #followback as soon as #TWTR lets me. #FF #follow #MAGA âœ”ï¸ğŸ˜€Â ğŸ‘Œâ˜‘ï¸ğŸ‡ºğŸ‡¸ğŸ‘âœ…,0.0
#twtr,1023040750936719361,2018-07-28 03:01:36,#TWTR åŠç«¯ãªã„ã£ã¦ã€‚ğŸ˜ MAUãŒå°‘ã—æ¸›ã£ãŸã‹ã‚‰ã£ã¦ã€‚ ,0.0
#twtr,1023040127986278400,2018-07-28 02:59:08,"How low can  stock go #jack? #TWTR 
Looks real bad that your engineers are talking about how you target &amp; câ€¦ ",-0.5
#twtr,1023035764307894273,2018-07-28 02:41:47,"  #FollowMe, please.  
I will #followback as soon as #TWTR lets me. At the moment thâ€¦ ",0.0
#twtr,1023033081446506496,2018-07-28 02:31:08,"Are you Bullish or Bearish on #TwitterğŸ¤?

1 - 15x Leverage âœ…

â–¶ï¸  â—€ï¸

Register Now &amp; go Longâ€¦ ",0.0
#twtr,1023031314205822976,2018-07-28 02:24:06,"? Feels like we might just see how low #twitter #twtr will go

Cc:   ",0.0
#twtr,1023030111749042176,2018-07-28 02:19:20,"Because JP Morgan does not say anything that doesn't have institutional backing... +.17 
Heavyweight from analystsâ€¦ ",0.0
#twtr,1023025668307607552,2018-07-28 02:01:40,TWITTER USD - #TWTR chart ,0.0
#twtr,1023022431550693376,2018-07-28 01:48:49,æœ€å¾Œã« #TSLA ã¨ #TWTR ã§ã™ã€‚#TWTR ã¯5æœˆä¸‹æ—¬ã®ãƒ¬ãƒ™ãƒ«ã¾ã§ä¸‹è½ã—ã¾ã—ãŸã€‚ ,0.0
#twtr,1023021356999356416,2018-07-28 01:44:32,"#NFLX , #AMZN , #FB , #GOOG , #MSFT , #AAPL , #NVDA , #TSLA , #TWTR ã®æ ªä¾¡æ¨ç§»ã§ã™ã€‚#TWTR ã¯æ´¾æ‰‹ã«å‹•ãã¾ã—ãŸã­ã€‚æ˜¨æ—¥ã® #FB åŒæ§˜ã€å€‹åˆ¥æ ªã¯ã“ã‚ŒãŒã‚ã‚‹ã‹ã‚‰ã€‚ ",0.0
#twtr,1023017316345212929,2018-07-28 01:28:29,What a fantastic experience. Related news in search. #TWTR $TWTR ,0.2
#twtr,1023017192642633728,2018-07-28 01:28:00,  selling volume seems pretty low for a dip like that. Willing to bet both #twtr and #fb areâ€¦ ,0.16666666666666666
#twtr,1023017077433544706,2018-07-28 01:27:32,Awesome job  - proud to see fam continue to crush it! Investors are idiots. Removing fake accts was the rigâ€¦ ,0.175
#twtr,1023005113122578432,2018-07-28 00:40:00,#TWTR - TWTR-æ—¥ç·š - ,0.0
#twtr,1023004673949618176,2018-07-28 00:38:15,The purging of fake accounts has a long way to go. I was only tracking 1 other Ajay Sudan in the world for many yeaâ€¦ ,-0.03500000000000001
#twtr,1022999651216179200,2018-07-28 00:18:17,#TWTR #Sell #Short ,0.0
#twtr,1022999276425805824,2018-07-28 00:16:48,Now they m seed with hashtags ğŸ¤¦ğŸ»â€â™€ï¸ğŸ™‡ğŸ»â€â™€ï¸ #TWTR #Sell #Short ,0.0
#twtr,1022997513165365249,2018-07-28 00:09:48, I'm in on #TWTR for the long term.,-0.05
#twtr,1022994048838250496,2018-07-27 23:56:02,  And I canâ€™t search for previous #shadowban threads similar before December 2017... fck #TWTR,-0.08333333333333333
#twtr,1022976074890833922,2018-07-27 22:44:36,"Twitter shares experience worst single day percentage drop since 2014, Fell as much as 18% in pre-market trading afâ€¦ ",-0.2904761904761905
#twtr,1022975660560736257,2018-07-27 22:42:58,"Twitter shares experience worst single day percentage drop since '14, Fell as much as 18% in pre-market trading aftâ€¦ ",-0.2904761904761905
#twtr,1022974401355173888,2018-07-27 22:37:57,"Twitter shares experience worst single day percentage drop since '14,Fell as much as 18% in pre-market trading afteâ€¦ ",-0.2904761904761905
#twtr,1022972345927983104,2018-07-27 22:29:47," #TWTR's #DeepLearning won't ""pay off"" so much; rather, Twitter stock could fast become delisted from thâ€¦ ",0.2
#twtr,1022970328119762946,2018-07-27 22:21:46,JP Morgan chose #TWTR as a TOP PICK into earnings - wonder side of that trade they were getting compensated?,0.5
#twtr,1022964878124797952,2018-07-27 22:00:07,"  Will the #TWTR stockholders vote to force  to step down as #TWITTER CEO? 

#shadowbanğŸ—½â€¦ ",-0.15555555555555559
#twtr,1022961281651884033,2018-07-27 21:45:49, Another interesting thing is between #AMZN #NFLX #TSLA #MSFT #INTC #TWTR #AAPL #FB their charts appearâ€¦ ,0.5
#twtr,1022957364293582848,2018-07-27 21:30:15,@_ImperatorRex_  A* for @_ImperatorRex_ got the spelling for censor first go ..probably had to override the crapâ€¦ ,0.25
#twtr,1022956265335672832,2018-07-27 21:25:53,"AprÃ¨s #Facebook, #twitter #TWTR $TWTR perd 20% en bourse. Chiffre d'affaires faible comparÃ© aux GAFAM mais pourtantâ€¦ ",0.0
#twtr,1022950617109733381,2018-07-27 21:03:27,#twitter #TWTR Guess the stock price reflects it also. Glad I sold it @ $44 ,0.5
#twtr,1022950162564562945,2018-07-27 21:01:38,"Twitter Inc (TWTR) price at close, 2018-07-27, is 34.9 USD. #Stocks #Twitter #TWTR",0.0
#twtr,1022949891004424196,2018-07-27 21:00:34,"No wonder Jack was busy splaining that #TWTR ""shadowban"" wasn't a shadowban ",0.1
#twtr,1022944214890496000,2018-07-27 20:38:00,The Latest: Twitter's stock plunges on weak user numbers $TWTR #TWTR #Technology #Earningsreports #Earnings ,0.0625
#twtr,1022944199161864192,2018-07-27 20:37:57,The Latest: Twitter's stock plunges on weak user numbers $TWTR #TWTR #Technology #Earningsreports #Earnings ,0.0625
#twtr,1022943103055847426,2018-07-27 20:33:35, _serpent #TWTR  #SELL #short it's hard to say. But it's worth a look.,0.002777777777777768
#twtr,1022940937419481088,2018-07-27 20:24:59,"When you hear it's not just conservatives, please understand it's the truth. For us, we have VIPs falling victim toâ€¦ ",-0.07500000000000001
#twtr,1022940013548527616,2018-07-27 20:21:19,"$TWTR DOMINATED BY BEARS DRAGGING THE MARKET LOWER THROUGHOUT THE DAY: 
Sentiment: Slightly bearish #TWTR #Twitter",-0.16666666666666666
#twtr,1022936514626502656,2018-07-27 20:07:24,"I'm doing a thread, yo.
Basically just tweets about my feed, my twitter experience, frustrations encountered, etc.â€¦ ",0.0
#twtr,1022935184243662848,2018-07-27 20:02:07,"can't catch this in a screen shot: some accounts/tweets are ""glitchy."" For example, it took 4 attempts to open a QTâ€¦ ",0.0
#twtr,1022932792873758720,2018-07-27 19:52:37,.#Twitter #TWTR stocks are down 20% of their value and the market closes in 10 minutes. Who would want to invest inâ€¦ ,-0.15555555555555559
#twtr,1022932069700304903,2018-07-27 19:49:45,"Sigh. Razor.
I Lâ¤ï¸VE Razor.
Razor's tweets show in my feed if retweeted multiple times or liked by a gazillion peopâ€¦ ",0.3
#twtr,1022930961921716225,2018-07-27 19:45:21,"I love Problematic AF.
He's tweeted 8 times in the past hour. (not including replies.)
His tweets aren't showing inâ€¦ ",0.125
#twtr,1022930009537896455,2018-07-27 19:41:34,"  

I call bullsh*t on blaming #TWTR decline on the ""purge""!!!

It's because you are infringing on myâ€¦ ",0.0
#twtr,1022929680104611841,2018-07-27 19:40:15, Is following  reason enough for the #QFDshadowban ?  $34.45 -8.49 #TWTR,0.0
#twtr,1022929298561409026,2018-07-27 19:38:44,"My feed. Retweet, retweet, retweet, ad, retweet, retweet, blue check, retweet, ad, retweet, retweet, ad... (nauseumâ€¦ ",0.0
#twtr,1022928386077978624,2018-07-27 19:35:06,"This is crap.
No offense whatsoever to these accounts, but my feed rn is nothing but retweets and tweets from a fewâ€¦ ",-0.8
#twtr,1022925727891705861,2018-07-27 19:24:33,"Perhaps we should all consider filing one of these against Twitter ğŸ‘‡ but we should not tweet #TWTR
+ #Sell #Short ",0.0
#twtr,1022924632775700480,2018-07-27 19:20:12,  _lisa   _serpent I'm currently working on a threâ€¦ ,0.0
#twtr,1022922972464640001,2018-07-27 19:13:36,Great to see #FB and #TWTR down 20% the last two days. Social media stocks not blue chip companies. #getmeputs,0.13555555555555557
#twtr,1022922768910823424,2018-07-27 19:12:47,"If I were an investor, I would jump ship before it sinks.  Investing in companies that practice #censorship is Riskâ€¦ ",-0.1
#twtr,1022920134917115904,2018-07-27 19:02:19,JP Morgan is saying $50 in a month or two... $TWTR is a Monster with 40% upside from here #Hotstocks #long #TWTRâ€¦ ,-0.05
#twtr,1022919418874093568,2018-07-27 18:59:29,"  I don't care about the price of $TWTR stock, but i do care about the user experience. And cutting oâ€¦ ",-0.6
#twtr,1022918740504133632,2018-07-27 18:56:47,Heh. I just noticed in Eddie's screenshot the tweet from . I follow Buck. His tweets never show in my feâ€¦ ,0.0
#twtr,1022918289150943233,2018-07-27 18:54:59,I like  a lot. We started following one another during the Houston floods. Eddie NEVER EVER EVER showâ€¦ ,0.0
#twtr,1022917923931934720,2018-07-27 18:53:32,  You back in buying more? #TWTR,0.25
#twtr,1022916279429226496,2018-07-27 18:47:00,"This twitter user and I no longer follow one another for reasons of personal taste. Nothing against her, I simply dâ€¦ ",0.0
#twtr,1022915999207710721,2018-07-27 18:45:53,Will get worse #shadowbanning #twitter #twtr #lostconfidence ,-0.4
#twtr,1022915086447529985,2018-07-27 18:42:16,"Who are these people? They're in my feed, I don't follow them, they don't follow me. The individuals who liked eachâ€¦ ",0.6
#twtr,1023850137670639616,2018-07-30 08:37:49,#FB e #TWTR crollano in borsa. Ora perÃ² giro di vite anche per GLI UTENTI. Sopratutto per i #fake. Slide byâ€¦ ,-0.5
#twtr,1023822978004471809,2018-07-30 06:49:54,"#twitter #TWTR
revenue tapering.
might into profit at some point.
really need something different to happen. ",0.1
#twtr,1023775195738255360,2018-07-30 03:40:02,#TWTR - æ¨ç‰¹(TWTR)è²¡å ±å¾Œç ´ä½ï¼Œç«­ç›¡ç¼ºå£ï¼Œ2618ï¼Œä»¥åŠçªç ´çµæ§‹å›è¸©ç–ŠåŠ ï¼ˆæ”¹ç·¨è‡ªé™³å¥•è¿…ã€Šæ¼¸æ¼¸ã€‹ï¼‰ - ,0.0
#twtr,1023764623101706240,2018-07-30 02:58:01,  How come  hasnâ€™t been sued by #Twitter shareholders for breach of fiduciary duty toâ€¦ ,0.0
#twtr,1023745768723599361,2018-07-30 01:43:06,   I think I'd ask one of my two dogs before I'd turn to #TWTR,0.0
#twtr,1023745754475651074,2018-07-30 01:43:02,"Get ready for a MASSIVE  #twtr selloff.
Our sources have told us Twitter will lose at least 25% of it's valueâ€¦ ",-0.033333333333333326
#twtr,1023740295194857473,2018-07-30 01:21:21,My last office on Wall St. I had 5 people working for me in my office in one room. I would talk to myself outloud tâ€¦ ,0.0
#twtr,1023711424017772544,2018-07-29 23:26:37,#UnsocialMedia #TwitterProblems #NoBigBro #TwitterGulag #TWTR #TwitterFAIL #GAB _Veritas ,0.0
#twtr,1023710382760910848,2018-07-29 23:22:29, #TwitterProblems I have been put in #TwitterGulag a 3 or 4 times. And a few weeks ago I lost 100s ofâ€¦ ,-0.2
#twtr,1023696423563362304,2018-07-29 22:27:01,"""DAU only
includes accounts on our owned and operated services such as the Twitter
app and  #TWTR",0.0
#twtr,1023691963734929408,2018-07-29 22:09:18,In other #news  #PapaJohns is going #ScorchedEarth &amp; their #stock is taking a tumble but itâ€™s doing better than #TWTR  ğŸ¤·ğŸ½â€â™€ï¸,0.1875
#twtr,1023690623403139072,2018-07-29 22:03:58,_inxs       â€¦ ,0.0
#twtr,1023689261906882561,2018-07-29 21:58:33,   Thank you 4 the good advice. I'll try to get the number of those Iâ€¦ ,0.7
#twtr,1023687786635964416,2018-07-29 21:52:42,"    I have used  ,  ,  andâ€¦ ",0.0
#twtr,1023686802169884672,2018-07-29 21:48:47,"   Will do as soon as #TWTR lets me. They claim I have reached my ""folloâ€¦ ",0.0
#twtr,1023683641707122688,2018-07-29 21:36:13,Has  begun dumping his #TWTR stock too? ,0.0
#twtr,1023676209073287168,2018-07-29 21:06:41,"I'd expect every @ Twitter O&amp;O handle (, , , , , etc)â€¦ ",0.0
#twtr,1023674525051891713,2018-07-29 21:00:00,#TWTR - Doble techo (twtr) - ,0.0
#twtr,1023671734862528512,2018-07-29 20:48:55,"   I discovered today that I'm QFD banned, too. Does that mean that  and hâ€¦ ",-0.3125
#twtr,1023669041662185474,2018-07-29 20:38:13,"Warren Buffet:

1 - 15x Leverage âœ…

â–¶ï¸  â—€ï¸

Register Now &amp; go LongğŸ“ˆ or ShortğŸ“‰ on #TWTR withâ€¦ ",0.0
#twtr,1023647713341202433,2018-07-29 19:13:27,"""Steven Spielberg Is A Pedophile"" - Isaac Kappy Names Names #PedoWood #p...  via â€¦ ",0.0
#twtr,1023637293867954176,2018-07-29 18:32:03,"Warren Buffet:

1 - 15x Leverage âœ…

â–¶ï¸  â—€ï¸

Register Now &amp; go LongğŸ“ˆ or ShortğŸ“‰ on #TWTR withâ€¦ ",0.0
#twtr,1023621009881096197,2018-07-29 17:27:21,"The shareholders of

 #Facebook #FB

 #Twitter #TWTR

Should sue these companies and their CEOsâ€¦ ",0.0
#twtr,1023615549677469696,2018-07-29 17:05:39,"Kom op zeg:
'Boze aandeelhouders dienen schadeclaim in tegen #Facebook na dramatische koersval' #beleggen is niet zâ€¦ ",0.0
#twtr,1023609511586738177,2018-07-29 16:41:39,  Short #TWTR make $,0.0
#twtr,1023607707704614912,2018-07-29 16:34:29," Twitter is a publicly traded company and therefore, subject to any rules and regulations of the SEC. #TWTR",-0.08888888888888889
#twtr,1023607272520523776,2018-07-29 16:32:46,#TWTR âŒâŒâŒ ,0.0
#twtr,1023604327200555008,2018-07-29 16:21:03,âŒ #TWTR âŒâŒâŒâŒ ,0.0
#twtr,1023596000966057984,2018-07-29 15:47:58,"Hey ., when are you going to allow me to follow my followers? Is this another attempt to quiet conservatives, .? #NYSE #TWTR.",0.0
#twtr,1023591021555240961,2018-07-29 15:28:11,  Sad. #sellyourtwitterstocknow if you have any. Jack just kicked himself like Zuckerbâ€¦ ,-0.5
#twtr,1023581778101981186,2018-07-29 14:51:27,_TheToucan    It's happening!!!!  Shame on you. Monday is going to be WORSE! Selllâ€¦ ,-0.5
#twtr,1023579288988213248,2018-07-29 14:41:34," your wordsmithing is tanking #TWTR 
#QFDShadowban 
#ShadowBanning ",0.0
#twtr,1023557302354432000,2018-07-29 13:14:12,Shadowbanning: â€œThe best definition we found is this: deliberately making someoneâ€™s content undiscoverable to everyâ€¦ ,1.0
#twtr,1023540347690000384,2018-07-29 12:06:50,TWTR 34.35$ Major support zone ~ 31.50/30.50*** #markets #stocks #twtr #crypto #fx #Rk #ADSS Trading support ,0.0625
#twtr,1023518495860899841,2018-07-29 10:40:00,#TWTR - ØªÙˆÙŠØªØ± ÙŠÙƒØ¨Ø­ Ø§Ù„Ø³Ù„ÙˆÙƒÙŠØ§Øª Ø§Ù„Ù…Ø³ÙŠØ¦Ø© Ù„ÙŠØ¹Ø²Ø² Ø§Ù„Ø´ÙØ§ÙÙŠØ©.. - ,0.0
#twtr,1023513283293335552,2018-07-29 10:19:17,I wonder how our favorite medium is doing ğŸ™ƒ #TWTR ,0.5
#twtr,1023504484310372352,2018-07-29 09:44:19,#twitter #admiralmarkets #tweetinvestorclub #tweetinvestor #facebook #fb #twtr #asset #assetmanagement ,0.0
#twtr,1023470066627739648,2018-07-29 07:27:33,"If it hadnâ€™t been #sad, it would have been #funny. $FB #TWTR ",-0.125
#twtr,1023451024835534848,2018-07-29 06:11:53,        â€¦ ,0.0
#twtr,1023424350609760256,2018-07-29 04:25:54,Twitter is cheap right now. Who will buy them out at a price of $50 + a share? $twtr #twtr #twitter $amzn #amznâ€¦ ,0.34285714285714286
#twtr,1023391183207378944,2018-07-29 02:14:06,After todayâ€™s IRREFUTABLE proof of being #QFDshadowbanned I believe we must now seek to take direct action againstâ€¦ ,0.1
#twtr,1023389286282874881,2018-07-29 02:06:34,"ãƒ„ã‚¤ãƒƒã‚¿ãƒ¼ã®æ ªä¾¡ãªã‚“ã§ã“ã‚“ãªä¸‹ãŒã£ã¦ã‚‹ã‚“ï¼Ÿ25 %ä¸‹è½ã¦â€¦ä»Šè²·ã£ãŸæ–¹ãŒã„ã„ã‹ãªï¼Ÿã‚¤ãƒ³ã‚¹ã‚¿ã£ã¦ä¸Šå ´ã—ã¦ã‚“ã®ã‹ï¼Ÿ
#TWTR",0.0
#twtr,1023385949072449536,2018-07-29 01:53:18,_contagious    Having my own #twtr engineer reminds me of this: ,0.6
#twtr,1023384925830086657,2018-07-29 01:49:14,_contagious    Have my own personal #twtr engineer assigned to me:: feel I câ€¦ ,0.3
#twtr,1023379694379393024,2018-07-29 01:28:27,BUY $TWTR ON THE DIP!       #TWTR ,0.0
#twtr,1023379409275953153,2018-07-29 01:27:19,_contagious    If I could be asked I might delve through my TL and find theâ€¦ ,0.0
#twtr,1023373806746972160,2018-07-29 01:05:03,Refuse to do it because it was started by a complete and utter (moving to UK English because it is more descriptiveâ€¦ ,0.15
#twtr,1023322437319110659,2018-07-28 21:40:56,"When $FB talks about AI, they spend billions to really incorporate deep learning at high performance. You can see iâ€¦ ",0.12
#twtr,1023299349378424832,2018-07-28 20:09:11,"Warren Buffet:

1 - 15x Leverage âœ…

â–¶ï¸  â—€ï¸

Register Now &amp; go LongğŸ“ˆ or ShortğŸ“‰ on #TWTR withâ€¦ ",0.0
#twtr,1023272179792859136,2018-07-28 18:21:13,"Warren Buffet:

1 - 15x Leverage âœ…

â–¶ï¸  â—€ï¸

Register Now &amp; go LongğŸ“ˆ or ShortğŸ“‰ on #TWTR withâ€¦ ",0.0
#twtr,1023271262087471104,2018-07-28 18:17:34, share holders should be complaining. #TWTR down over 20%.  A company that's revenue comes from advertisingâ€¦ ,-0.15555555555555559
#twtr,1023266340545675264,2018-07-28 17:58:01,  The next Twitter is being developed and will be truly free speech. Sell your #TWTR stock now,0.16666666666666666
#twtr,1023265235510079489,2018-07-28 17:53:38,âŒATTN :   #TWITTER - #NYSE &gt; #TWTR&lt; TANKS : #shares Plunge 19% After the Platform is Accused of â€˜â€¦ ,0.0
#twtr,1023260218262794240,2018-07-28 17:33:41,$TWTR $PAYC $TSLA #TESLA #TWTR #PAYCOM #EARNINGS  Options Trading Ideas Explored in these: ,0.0
#twtr,1023256884105670656,2018-07-28 17:20:27,#TWTR ,0.0
#twtr,1023252361639342085,2018-07-28 17:02:28,  Idk ask : #TWTR,0.0
#twtr,1023234624917450752,2018-07-28 15:52:00,"7/29(Sun) #DXY,OANDA,#FB,#TWTR
$DXY(D) ãƒãƒ£ãƒ¼ãƒˆä¸Šã¯95.531ã‚’q1ã«ã‚«ã‚¦ãƒ³ãƒˆã—ã¦ã„ã¾ã™ãŒbã‚’q1ã¨ã™ã‚‹ã‚«ã‚¦ãƒ³ãƒˆã‚‚æœ‰ã‚Šï¼Ÿãƒ‰ãƒ«å®‰ã®æµã‚Œã¯é’ã®æŠµæŠ—ãƒ©ã‚¤ãƒ³ã¾ã§ã§åç™ºä¸Šæ˜‡ã«ã€ã¾ã bæ³¢ã®ä¸­ã¨ã™ã‚‹ã¨b1â€¦ ",0.0
#twtr,1023229051169853440,2018-07-28 15:29:51,"On Friday #TWTR crashes too (in a positive macro environment, as US GDP grew at annual pace of 4.1% in Q2 18, and wâ€¦ ",0.22727272727272727
#twtr,1023228972702855168,2018-07-28 15:29:32,Hello #cdnpoli #onpoli and #topoli people! You are ripping it up on Twitter #TWTR in Toronto. Municipal politics anâ€¦ ,0.0
#twtr,1023220039678349312,2018-07-28 14:54:02,   If â€™s &gt;20% fall in share price is reportedly mainly due to their purging fake accâ€¦ ,-0.3125
#twtr,1023203957357912066,2018-07-28 13:50:08,"Dear 

Care to explain how #Conservatives like myself are #QFDBanned â€œto improve the health of the public convâ€¦ ",0.0
#twtr,1023199745529929730,2018-07-28 13:33:24, #FakeNews #fakeaccounts #fakeanalysts #fakevaluations #TWTR #fb,0.0
#twtr,1023190377984090112,2018-07-28 12:56:10,#TWTR #StockDive ,0.0
#twtr,1023181228093177859,2018-07-28 12:19:49,Los rÃ©cords ( caen con altÃ­sima velocidad incluso cuando son tan tristes. Efectivamenteâ€¦ ,0.0
#twtr,1023165096770641920,2018-07-28 11:15:43,"I definitely got at least $1.79 of value from #TWTR last q, maybe even $1.80 ",-0.09999999999999999
#twtr,1023163285607247872,2018-07-28 11:08:31,"As _Talk reported July 14th #USA authorities investigating  

Yesterday #Twitter NYSE #TWTR slumped 3â€¦ ",0.0
#twtr,1023146395883266048,2018-07-28 10:01:24,Which broker to start with ?  #broker #trading #tradezero #TWTR #FB,0.0
#twtr,1023140696037961728,2018-07-28 09:38:45,#eStocks share price performance #chart: #TWTR v #NFLX v #AMZN v #MSFT v #GOOG v #AAPL v #FB (10 months).â€¦ ,0.0
#twtr,1023140040484913152,2018-07-28 09:36:09,"Post yesterdayâ€™s carnage, #TWTR is now available for a cash flow yield of 4.2%",0.4
#twtr,1023094577467551746,2018-07-28 06:35:30, Some investors &amp; stakeholders don't understand how cleanup initiatives impact Twitter's metrics &amp; oveâ€¦ ,0.0
#twtr,1023088051659137024,2018-07-28 06:09:34,"Ğ˜ÑÑ‚Ğ¾Ñ€Ğ¸Ñ Ğ¿Ğ¾Ğ²Ñ‚Ğ¾Ñ€Ğ¸Ğ»Ğ°ÑÑŒ Ğ½Ğ° ÑĞ»ĞµĞ´ÑƒÑÑ‰Ğ¸Ğ¹ Ğ´ĞµĞ½ÑŒ ÑƒĞ¶Ğµ Ñ #Twitter , Ñ‚Ğµ Ğ¶Ğµ -20% ğŸ“‰ğŸ¤¨ Ğ¥Ğ¾Ñ‚Ñ Ğ¾Ğ½ Ñ Ğ½Ğ°Ñ‡Ğ°Ğ»Ğ° Ğ³Ğ¾Ğ´Ğ° Ñ€Ğ¾Ñ Ğ±Ğ¾Ğ»ĞµĞµ Ğ°ĞºÑ‚Ğ¸Ğ²Ğ½Ğ¾ Ğ¸ Ğ¿Ğ¾-Ğ¿â€¦ ",0.0
#twtr,1023068176362352645,2018-07-28 04:50:35," #TWTR #Facebookstock 

Q: Why do the shareholders want the CEO s of these companies to step down?

A:â€¦ ",-0.15555555555555559
#twtr,1023060242270224384,2018-07-28 04:19:03,"To repair reputation, Twitter, Facebook incur investor wrath $TWTR #TWTR #Technology #Onlinemedia #Media ",0.0
#twtr,1023060223265792000,2018-07-28 04:18:59,"To repair reputation, Twitter, Facebook incur investor wrath $TWTR #TWTR #Technology #Onlinemedia #Media ",0.0
#twtr,1023058159756173312,2018-07-28 04:10:47,  Short #twtr,0.0
#twtr,1023052096059453440,2018-07-28 03:46:41,#Business #Technology #TWTR #Money #DOW ,0.0
#twtr,1023050203107086336,2018-07-28 03:39:10,I havenâ€™t seen #TWTR #Sell #Short for a while? Why not!?,0.0
#twtr,1023048785595965442,2018-07-28 03:33:32,"_R02 Lol, I was about 5 months before you. Piker position like you before an earnings call. Sure enough exceeâ€¦ ",0.43333333333333335
#twtr,1023042479694798848,2018-07-28 03:08:29, Thank you  for #following me. I will #followback as soon as #TWTR lets me. #FF #follow #MAGA âœ”ï¸ğŸ˜€Â ğŸ‘Œâ˜‘ï¸ğŸ‡ºğŸ‡¸ğŸ‘âœ…,0.0
#twtr,1023040750936719361,2018-07-28 03:01:36,#TWTR åŠç«¯ãªã„ã£ã¦ã€‚ğŸ˜ MAUãŒå°‘ã—æ¸›ã£ãŸã‹ã‚‰ã£ã¦ã€‚ ,0.0
#twtr,1023040127986278400,2018-07-28 02:59:08,"How low can  stock go #jack? #TWTR 
Looks real bad that your engineers are talking about how you target &amp; câ€¦ ",-0.5
#twtr,1023035764307894273,2018-07-28 02:41:47,"  #FollowMe, please.  
I will #followback as soon as #TWTR lets me. At the moment thâ€¦ ",0.0
#twtr,1023033081446506496,2018-07-28 02:31:08,"Are you Bullish or Bearish on #TwitterğŸ¤?

1 - 15x Leverage âœ…

â–¶ï¸  â—€ï¸

Register Now &amp; go Longâ€¦ ",0.0
#twtr,1023031314205822976,2018-07-28 02:24:06,"? Feels like we might just see how low #twitter #twtr will go

Cc:   ",0.0
#twtr,1023030111749042176,2018-07-28 02:19:20,"Because JP Morgan does not say anything that doesn't have institutional backing... +.17 
Heavyweight from analystsâ€¦ ",0.0
#twtr,1023025668307607552,2018-07-28 02:01:40,TWITTER USD - #TWTR chart ,0.0
#twtr,1023022431550693376,2018-07-28 01:48:49,æœ€å¾Œã« #TSLA ã¨ #TWTR ã§ã™ã€‚#TWTR ã¯5æœˆä¸‹æ—¬ã®ãƒ¬ãƒ™ãƒ«ã¾ã§ä¸‹è½ã—ã¾ã—ãŸã€‚ ,0.0
#twtr,1023021356999356416,2018-07-28 01:44:32,"#NFLX , #AMZN , #FB , #GOOG , #MSFT , #AAPL , #NVDA , #TSLA , #TWTR ã®æ ªä¾¡æ¨ç§»ã§ã™ã€‚#TWTR ã¯æ´¾æ‰‹ã«å‹•ãã¾ã—ãŸã­ã€‚æ˜¨æ—¥ã® #FB åŒæ§˜ã€å€‹åˆ¥æ ªã¯ã“ã‚ŒãŒã‚ã‚‹ã‹ã‚‰ã€‚ ",0.0
#twtr,1023017316345212929,2018-07-28 01:28:29,What a fantastic experience. Related news in search. #TWTR $TWTR ,0.2
#twtr,1023017192642633728,2018-07-28 01:28:00,  selling volume seems pretty low for a dip like that. Willing to bet both #twtr and #fb areâ€¦ ,0.16666666666666666
#twtr,1023017077433544706,2018-07-28 01:27:32,Awesome job  - proud to see fam continue to crush it! Investors are idiots. Removing fake accts was the rigâ€¦ ,0.175
#twtr,1023005113122578432,2018-07-28 00:40:00,#TWTR - TWTR-æ—¥ç·š - ,0.0
#twtr,1023004673949618176,2018-07-28 00:38:15,The purging of fake accounts has a long way to go. I was only tracking 1 other Ajay Sudan in the world for many yeaâ€¦ ,-0.03500000000000001
#twtr,1022999651216179200,2018-07-28 00:18:17,#TWTR #Sell #Short ,0.0
#twtr,1022999276425805824,2018-07-28 00:16:48,Now they m seed with hashtags ğŸ¤¦ğŸ»â€â™€ï¸ğŸ™‡ğŸ»â€â™€ï¸ #TWTR #Sell #Short ,0.0
#twtr,1022997513165365249,2018-07-28 00:09:48, I'm in on #TWTR for the long term.,-0.05
#twtr,1022994048838250496,2018-07-27 23:56:02,  And I canâ€™t search for previous #shadowban threads similar before December 2017... fck #TWTR,-0.08333333333333333
#twtr,1022976074890833922,2018-07-27 22:44:36,"Twitter shares experience worst single day percentage drop since 2014, Fell as much as 18% in pre-market trading afâ€¦ ",-0.2904761904761905
#twtr,1022975660560736257,2018-07-27 22:42:58,"Twitter shares experience worst single day percentage drop since '14, Fell as much as 18% in pre-market trading aftâ€¦ ",-0.2904761904761905
#twtr,1022974401355173888,2018-07-27 22:37:57,"Twitter shares experience worst single day percentage drop since '14,Fell as much as 18% in pre-market trading afteâ€¦ ",-0.2904761904761905
#twtr,1022972345927983104,2018-07-27 22:29:47," #TWTR's #DeepLearning won't ""pay off"" so much; rather, Twitter stock could fast become delisted from thâ€¦ ",0.2
#twtr,1022970328119762946,2018-07-27 22:21:46,JP Morgan chose #TWTR as a TOP PICK into earnings - wonder side of that trade they were getting compensated?,0.5
#twtr,1022964878124797952,2018-07-27 22:00:07,"  Will the #TWTR stockholders vote to force  to step down as #TWITTER CEO? 

#shadowbanğŸ—½â€¦ ",-0.15555555555555559
#twtr,1022961281651884033,2018-07-27 21:45:49, Another interesting thing is between #AMZN #NFLX #TSLA #MSFT #INTC #TWTR #AAPL #FB their charts appearâ€¦ ,0.5
#twtr,1022957364293582848,2018-07-27 21:30:15,@_ImperatorRex_  A* for @_ImperatorRex_ got the spelling for censor first go ..probably had to override the crapâ€¦ ,0.25
#twtr,1022956265335672832,2018-07-27 21:25:53,"AprÃ¨s #Facebook, #twitter #TWTR $TWTR perd 20% en bourse. Chiffre d'affaires faible comparÃ© aux GAFAM mais pourtantâ€¦ ",0.0
#twtr,1022950617109733381,2018-07-27 21:03:27,#twitter #TWTR Guess the stock price reflects it also. Glad I sold it @ $44 ,0.5
#twtr,1022950162564562945,2018-07-27 21:01:38,"Twitter Inc (TWTR) price at close, 2018-07-27, is 34.9 USD. #Stocks #Twitter #TWTR",0.0
#twtr,1022949891004424196,2018-07-27 21:00:34,"No wonder Jack was busy splaining that #TWTR ""shadowban"" wasn't a shadowban ",0.1
#twtr,1022944214890496000,2018-07-27 20:38:00,The Latest: Twitter's stock plunges on weak user numbers $TWTR #TWTR #Technology #Earningsreports #Earnings ,0.0625
#twtr,1022944199161864192,2018-07-27 20:37:57,The Latest: Twitter's stock plunges on weak user numbers $TWTR #TWTR #Technology #Earningsreports #Earnings ,0.0625
#twtr,1022943103055847426,2018-07-27 20:33:35, _serpent #TWTR  #SELL #short it's hard to say. But it's worth a look.,0.002777777777777768
#twtr,1022940937419481088,2018-07-27 20:24:59,"When you hear it's not just conservatives, please understand it's the truth. For us, we have VIPs falling victim toâ€¦ ",-0.07500000000000001
#twtr,1022940013548527616,2018-07-27 20:21:19,"$TWTR DOMINATED BY BEARS DRAGGING THE MARKET LOWER THROUGHOUT THE DAY: 
Sentiment: Slightly bearish #TWTR #Twitter",-0.16666666666666666
#twtr,1022936514626502656,2018-07-27 20:07:24,"I'm doing a thread, yo.
Basically just tweets about my feed, my twitter experience, frustrations encountered, etc.â€¦ ",0.0
#twtr,1022935184243662848,2018-07-27 20:02:07,"can't catch this in a screen shot: some accounts/tweets are ""glitchy."" For example, it took 4 attempts to open a QTâ€¦ ",0.0
#twtr,1022932792873758720,2018-07-27 19:52:37,.#Twitter #TWTR stocks are down 20% of their value and the market closes in 10 minutes. Who would want to invest inâ€¦ ,-0.15555555555555559
#twtr,1022932069700304903,2018-07-27 19:49:45,"Sigh. Razor.
I Lâ¤ï¸VE Razor.
Razor's tweets show in my feed if retweeted multiple times or liked by a gazillion peopâ€¦ ",0.3
#twtr,1022930961921716225,2018-07-27 19:45:21,"I love Problematic AF.
He's tweeted 8 times in the past hour. (not including replies.)
His tweets aren't showing inâ€¦ ",0.125
#twtr,1022930009537896455,2018-07-27 19:41:34,"  

I call bullsh*t on blaming #TWTR decline on the ""purge""!!!

It's because you are infringing on myâ€¦ ",0.0
#twtr,1022929680104611841,2018-07-27 19:40:15, Is following  reason enough for the #QFDshadowban ?  $34.45 -8.49 #TWTR,0.0
#twtr,1022929298561409026,2018-07-27 19:38:44,"My feed. Retweet, retweet, retweet, ad, retweet, retweet, blue check, retweet, ad, retweet, retweet, ad... (nauseumâ€¦ ",0.0
#twtr,1022928386077978624,2018-07-27 19:35:06,"This is crap.
No offense whatsoever to these accounts, but my feed rn is nothing but retweets and tweets from a fewâ€¦ ",-0.8
#twtr,1022925727891705861,2018-07-27 19:24:33,"Perhaps we should all consider filing one of these against Twitter ğŸ‘‡ but we should not tweet #TWTR
+ #Sell #Short ",0.0
#twtr,1022924632775700480,2018-07-27 19:20:12,  _lisa   _serpent I'm currently working on a threâ€¦ ,0.0
#twtr,1022922972464640001,2018-07-27 19:13:36,Great to see #FB and #TWTR down 20% the last two days. Social media stocks not blue chip companies. #getmeputs,0.13555555555555557
#twtr,1022922768910823424,2018-07-27 19:12:47,"If I were an investor, I would jump ship before it sinks.  Investing in companies that practice #censorship is Riskâ€¦ ",-0.1
#twtr,1022920134917115904,2018-07-27 19:02:19,JP Morgan is saying $50 in a month or two... $TWTR is a Monster with 40% upside from here #Hotstocks #long #TWTRâ€¦ ,-0.05
#twtr,1022919418874093568,2018-07-27 18:59:29,"  I don't care about the price of $TWTR stock, but i do care about the user experience. And cutting oâ€¦ ",-0.6
#twtr,1022918740504133632,2018-07-27 18:56:47,Heh. I just noticed in Eddie's screenshot the tweet from . I follow Buck. His tweets never show in my feâ€¦ ,0.0
#twtr,1022918289150943233,2018-07-27 18:54:59,I like  a lot. We started following one another during the Houston floods. Eddie NEVER EVER EVER showâ€¦ ,0.0
#twtr,1022917923931934720,2018-07-27 18:53:32,  You back in buying more? #TWTR,0.25
#twtr,1022916279429226496,2018-07-27 18:47:00,"This twitter user and I no longer follow one another for reasons of personal taste. Nothing against her, I simply dâ€¦ ",0.0
#twtr,1022915999207710721,2018-07-27 18:45:53,Will get worse #shadowbanning #twitter #twtr #lostconfidence ,-0.4
#twtr,1022915086447529985,2018-07-27 18:42:16,"Who are these people? They're in my feed, I don't follow them, they don't follow me. The individuals who liked eachâ€¦ ",0.6
#twtr,1025791401567506432,2018-08-04 17:11:43,"_2     Twitter, #Shadowbanning #FreeSpeech and #conservatives is bad forâ€¦ ",-0.6999999999999998
#twtr,1025789845996679168,2018-08-04 17:05:32,_2     Thatâ€™s why #TWTR stock is in the dumper! SELL IT!,0.0
#twtr,1025784736910860288,2018-08-04 16:45:14,"Pet peeve on #TWTR, getting a response to a tweet from someone who didn't read it fully or lacked the comprehensionâ€¦ ",0.0
#twtr,1025682368613556224,2018-08-04 09:58:27,I invested in #TWTR a month ago.  #AndThatsWhyImBroke ,0.0
#twtr,1025960749049491456,2018-08-05 04:24:38,Ready to #make #cigarboxguitars with some kids this morning and a great support group  @_jennmannâ€¦ ,0.5
#twtr,1025960749049491456,2018-08-05 04:24:38,Ready to #make #cigarboxguitars with some kids this morning and a great support group  @_jennmannâ€¦ ,0.5
